empresa_key,empresa_nome,ticker_b3,setor,data_referencia,ano,trimestre,periodo,divida_total,divida_liquida,caixa_equivalentes,patrimonio_liquido,capital_investido,despesa_financeira,ebitda,ebit,nopat,divida_ebitda,roic_pct,roe_pct,roa_pct,custo_implicito_divida_pct,selic_meta_pct,ipca_acum_12m_pct,juros_real_pct,cambio_brl_usd,spread_roic_selic,regime_selic,choque_periodo,dado_revisado
AMBEV,Ambev S.A.,ABEV3,Bebidas,2011-03-31,2011,1,2011-Q1,,,,,,,,,,,,,,,11.75,6.3,5.45,1.6673,,Selic_Mod_8a13pct,Periodo_Normal,False
AMBEV,Ambev S.A.,ABEV3,Bebidas,2011-06-30,2011,2,2011-Q2,,,,,,,,,,,,,,,12.25,6.71,5.54,1.5962,,Selic_Mod_8a13pct,Periodo_Normal,False
AMBEV,Ambev S.A.,ABEV3,Bebidas,2011-09-30,2011,3,2011-Q3,,,,,,,,,,,,,,,12.0,7.31,4.69,1.6357,,Selic_Mod_8a13pct,Periodo_Normal,False
AMBEV,Ambev S.A.,ABEV3,Bebidas,2011-12-31,2011,4,2011-Q4,,,,,,,,,,,,,,,11.0,6.5,4.5,1.8012,,Selic_Mod_8a13pct,Periodo_Normal,False
AMBEV,Ambev S.A.,ABEV3,Bebidas,2012-03-31,2012,1,2012-Q1,,,,,,,,,,,,,,,9.75,5.24,4.51,1.7701,,Selic_Mod_8a13pct,Periodo_Normal,False
AMBEV,Ambev S.A.,ABEV3,Bebidas,2012-06-30,2012,2,2012-Q2,,,,,,,,,,,,,,,8.5,4.92,3.58,1.9641,,Selic_Mod_8a13pct,Periodo_Normal,False
AMBEV,Ambev S.A.,ABEV3,Bebidas,2012-09-30,2012,3,2012-Q3,,,,,,,,,,,,,,,7.5,5.28,2.22,2.0288,,Selic_Baixa_4a8pct,Periodo_Normal,False
AMBEV,Ambev S.A.,ABEV3,Bebidas,2012-12-31,2012,4,2012-Q4,,,,,,,,,,,,,,,7.25,5.84,1.41,2.0576,,Selic_Baixa_4a8pct,Periodo_Normal,False
AMBEV,Ambev S.A.,ABEV3,Bebidas,2013-06-30,2013,2,2013-Q2,984691.0,-7989629.0,8974320.0,0.0,984691.0,600156.0,5517531.0,5411598.0,3571654.68,0.18,362.72,,234.86,60.95,8.0,6.7,1.3,2.0673,354.72,Selic_Mod_8a13pct,Periodo_Normal,False
AMBEV,Ambev S.A.,ABEV3,Bebidas,2013-09-30,2013,3,2013-Q3,1011940.0,-7962380.0,8974320.0,0.0,1011940.0,1150867.0,8834417.0,8680534.0,5729152.44,0.11,566.16,,,113.73,9.0,5.86,3.14,2.288,557.16,Selic_Mod_8a13pct,Periodo_Normal,False
AMBEV,Ambev S.A.,ABEV3,Bebidas,2014-03-31,2014,1,2014-Q1,824569.0,-10713672.0,11538241.0,0.0,824569.0,400527.0,3161018.0,3112439.0,2054209.74,0.26,249.13,,,48.57,10.75,6.15,4.6,2.3652,238.38,Selic_Mod_8a13pct,Periodo_Normal,False
AMBEV,Ambev S.A.,ABEV3,Bebidas,2014-06-30,2014,2,2014-Q2,719237.0,-10819004.0,11538241.0,0.0,719237.0,794136.0,5888603.0,5814225.0,3837388.5,0.12,533.54,,,110.41,11.0,6.52,4.48,2.2296,522.54,Selic_Mod_8a13pct,Periodo_Normal,False
AMBEV,Ambev S.A.,ABEV3,Bebidas,2014-09-30,2014,3,2014-Q3,688215.0,-10850026.0,11538241.0,53663683.0,54351898.0,1477116.0,9627593.0,9500744.0,6270491.04,0.07,11.54,5.24,461.53,214.63,11.0,6.75,4.25,2.2745,0.54,Selic_Mod_8a13pct,Periodo_Normal,False
AMBEV,Ambev S.A.,ABEV3,Bebidas,2015-03-31,2015,1,2015-Q1,605093.0,-9116974.0,9722067.0,0.0,605093.0,576388.0,3556759.0,3517478.0,2321535.48,0.17,383.67,,,95.26,12.75,8.13,4.62,2.8702,370.92,Selic_Mod_8a13pct,Recessao_2015-16,False
AMBEV,Ambev S.A.,ABEV3,Bebidas,2015-06-30,2015,2,2015-Q2,556940.0,-9165127.0,9722067.0,0.0,556940.0,1150259.0,6367885.0,6287057.0,4149457.62,0.09,745.05,,,206.53,13.75,8.89,4.86,3.0729,731.3,Selic_Alta_>=13pct,Recessao_2015-16,False
AMBEV,Ambev S.A.,ABEV3,Bebidas,2015-09-30,2015,3,2015-Q3,772425.0,-8949642.0,9722067.0,0.0,772425.0,1716435.0,9866174.0,9780480.0,6455116.8,0.08,835.69,,,222.21,14.25,9.49,4.76,3.538,821.44,Selic_Alta_>=13pct,Recessao_2015-16,False
AMBEV,Ambev S.A.,ABEV3,Bebidas,2016-03-31,2016,1,2016-Q1,1955089.0,-11665072.0,13620161.0,0.0,1955089.0,771945.0,4444023.0,4396022.0,2901374.52,0.44,148.4,,,39.48,14.25,9.39,4.86,3.9022,134.15,Selic_Alta_>=13pct,Recessao_2015-16,False
AMBEV,Ambev S.A.,ABEV3,Bebidas,2016-06-30,2016,2,2016-Q2,1900476.0,-11719685.0,13620161.0,53662811.0,55563287.0,1364195.0,7843412.0,7519088.0,4962598.08,0.24,8.93,3.81,,71.78,14.25,8.84,5.41,3.5076,-5.32,Selic_Alta_>=13pct,Recessao_2015-16,False
AMBEV,Ambev S.A.,ABEV3,Bebidas,2016-09-30,2016,3,2016-Q3,2472601.0,-11147560.0,13620161.0,53662811.0,56135412.0,1997115.0,12114815.0,11737366.0,7746661.56,0.2,13.8,5.7,,80.77,14.25,8.48,5.77,3.246,-0.45,Selic_Alta_>=13pct,Recessao_2015-16,False
AMBEV,Ambev S.A.,ABEV3,Bebidas,2017-03-31,2017,1,2017-Q1,3372891.0,-4503958.0,7876849.0,0.0,3372891.0,1493457.0,4492522.0,4401681.0,2905109.46,0.75,86.13,,,44.28,12.25,4.57,7.68,3.1451,73.88,Selic_Mod_8a13pct,Periodo_Normal,False
AMBEV,Ambev S.A.,ABEV3,Bebidas,2017-06-30,2017,2,2017-Q2,3544036.0,-4332813.0,7876849.0,0.0,3544036.0,2529448.0,7850834.0,7700668.0,5082440.88,0.45,143.41,,,71.37,10.25,3.0,7.25,3.2174,133.16,Selic_Mod_8a13pct,Periodo_Normal,False
AMBEV,Ambev S.A.,ABEV3,Bebidas,2017-09-30,2017,3,2017-Q3,2169554.0,-5707295.0,7876849.0,0.0,2169554.0,3389909.0,11044929.0,10828122.0,7146560.52,0.2,329.4,,,156.25,8.25,2.54,5.71,3.164,321.15,Selic_Mod_8a13pct,Periodo_Normal,False
AMBEV,Ambev S.A.,ABEV3,Bebidas,2018-03-31,2018,1,2018-Q1,3446278.0,-6908249.0,10354527.0,0.0,3446278.0,996258.0,3550053.0,3500939.0,2310619.74,0.97,67.05,,,28.91,6.5,2.68,3.82,3.2433,60.55,Selic_Baixa_4a8pct,Periodo_Normal,False
AMBEV,Ambev S.A.,ABEV3,Bebidas,2018-06-30,2018,2,2018-Q2,3952984.0,-6401543.0,10354527.0,0.0,3952984.0,1817950.0,6618347.0,6545053.0,4319734.98,0.6,109.28,,,45.99,6.5,4.39,2.11,3.6056,102.78,Selic_Baixa_4a8pct,Periodo_Normal,False
AMBEV,Ambev S.A.,ABEV3,Bebidas,2018-09-30,2018,3,2018-Q3,4132834.0,-6221693.0,10354527.0,0.0,4132834.0,2679013.0,10319484.0,10154288.0,6701830.08,0.4,162.16,,,64.82,6.5,4.53,1.97,3.9505,155.66,Selic_Baixa_4a8pct,Periodo_Normal,False
AMBEV,Ambev S.A.,ABEV3,Bebidas,2019-03-31,2019,1,2019-Q1,2605094.0,-8858404.0,11463498.0,0.0,2605094.0,974763.0,3847562.0,3801334.0,2508880.44,0.68,96.31,,,37.42,6.5,4.58,1.92,3.7684,89.81,Selic_Baixa_4a8pct,Periodo_Normal,False
AMBEV,Ambev S.A.,ABEV3,Bebidas,2019-06-30,2019,2,2019-Q2,2612884.0,-8850614.0,11463498.0,0.0,2612884.0,2174759.0,7558264.0,7487012.0,4941427.92,0.35,189.12,,,83.23,6.5,3.37,3.13,3.9221,182.62,Selic_Baixa_4a8pct,Periodo_Normal,False
AMBEV,Ambev S.A.,ABEV3,Bebidas,2019-09-30,2019,3,2019-Q3,1844321.0,-9619177.0,11463498.0,0.0,1844321.0,3080783.0,11023350.0,10891996.0,7188717.36,0.17,389.78,,,167.04,5.5,2.89,2.61,3.9684,384.28,Selic_Baixa_4a8pct,Periodo_Normal,False
AMBEV,Ambev S.A.,ABEV3,Bebidas,2020-03-31,2020,1,2020-Q1,959487.0,-10941179.0,11900666.0,0.0,959487.0,959761.0,4068409.0,4053597.0,2675374.02,0.24,278.83,,,100.03,3.75,3.3,0.45,4.4657,275.08,Selic_Minima_<4pct,Pandemia_2020,False
AMBEV,Ambev S.A.,ABEV3,Bebidas,2020-06-30,2020,2,2020-Q2,2203362.0,-9697304.0,11900666.0,0.0,2203362.0,1777101.0,7683530.0,7601045.0,5016689.7,0.29,227.68,,,80.65,2.25,2.13,0.12,5.3854,225.43,Selic_Minima_<4pct,Pandemia_2020,False
AMBEV,Ambev S.A.,ABEV3,Bebidas,2020-09-30,2020,3,2020-Q3,2402641.0,-9498025.0,11900666.0,0.0,2402641.0,2950104.0,10872793.0,10733260.0,7083951.6,0.22,294.84,,,122.79,2.0,3.14,-1.14,5.3772,292.84,Selic_Minima_<4pct,Pandemia_2020,False
AMBEV,Ambev S.A.,ABEV3,Bebidas,2021-03-31,2021,1,2021-Q1,701589.0,-16388746.0,17090335.0,0.0,701589.0,1782643.0,3047160.0,3027787.0,1998339.42,0.23,284.83,,,254.09,2.75,6.1,-3.35,5.4833,282.08,Selic_Minima_<4pct,Espiral_Inflac_2021-22,False
AMBEV,Ambev S.A.,ABEV3,Bebidas,2021-06-30,2021,2,2021-Q2,559644.0,-16530691.0,17090335.0,0.0,559644.0,2812984.0,5037975.0,4929695.0,3253598.7,0.11,581.37,,,502.64,4.25,8.35,-4.1,5.2907,577.12,Selic_Baixa_4a8pct,Espiral_Inflac_2021-22,False
AMBEV,Ambev S.A.,ABEV3,Bebidas,2021-09-30,2021,3,2021-Q3,620127.0,-16470208.0,17090335.0,0.0,620127.0,4327237.0,8671583.0,8505511.0,5613637.26,0.07,905.24,,,697.8,6.25,10.25,-4.0,5.2286,898.99,Selic_Baixa_4a8pct,Espiral_Inflac_2021-22,False
AMBEV,Ambev S.A.,ABEV3,Bebidas,2022-03-31,2022,1,2022-Q1,599211.0,-16028487.0,16627698.0,0.0,599211.0,1444395.0,4005945.0,3979708.0,2626607.28,0.15,438.34,,,241.05,11.75,11.3,0.45,5.2299,426.59,Selic_Mod_8a13pct,Espiral_Inflac_2021-22,False
AMBEV,Ambev S.A.,ABEV3,Bebidas,2022-06-30,2022,2,2022-Q2,764631.0,-15863067.0,16627698.0,0.0,764631.0,2405939.0,7967528.0,7874091.0,5196900.06,0.1,679.66,,,314.65,13.25,11.89,1.36,4.9266,666.41,Selic_Alta_>=13pct,Espiral_Inflac_2021-22,False
AMBEV,Ambev S.A.,ABEV3,Bebidas,2022-09-30,2022,3,2022-Q3,735700.0,-15891998.0,16627698.0,0.0,735700.0,3778292.0,12016385.0,11872790.0,7836041.4,0.06,1065.11,,,513.56,13.75,7.17,6.58,5.2462,1051.36,Selic_Alta_>=13pct,Espiral_Inflac_2021-22,False
AMBEV,Ambev S.A.,ABEV3,Bebidas,2023-03-31,2023,1,2023-Q1,945000.0,-13981435.0,14926435.0,0.0,945000.0,1623093.0,4172765.0,4162327.0,2747135.82,0.23,290.7,,,171.76,13.75,4.65,9.1,5.1963,276.95,Selic_Alta_>=13pct,Periodo_Normal,False
AMBEV,Ambev S.A.,ABEV3,Bebidas,2023-06-30,2023,2,2023-Q2,873432.0,-14053003.0,14926435.0,0.0,873432.0,3452558.0,8246594.0,8196411.0,5409631.26,0.11,619.35,,,395.29,13.75,3.16,10.59,4.9485,605.6,Selic_Alta_>=13pct,Periodo_Normal,False
AMBEV,Ambev S.A.,ABEV3,Bebidas,2023-09-30,2023,3,2023-Q3,881457.0,-14044978.0,14926435.0,0.0,881457.0,5791307.0,12400677.0,12251378.0,8085909.48,0.07,917.33,,,657.02,12.75,5.19,7.56,4.8803,904.58,Selic_Mod_8a13pct,Periodo_Normal,False
AMBEV,Ambev S.A.,ABEV3,Bebidas,2024-03-31,2024,1,2024-Q1,1244715.0,-14814288.0,16059003.0,0.0,1244715.0,1012469.0,4899539.0,4875526.0,3217847.16,0.25,258.52,,,81.34,10.75,3.93,6.82,4.9515,247.77,Selic_Mod_8a13pct,Periodo_Normal,False
AMBEV,Ambev S.A.,ABEV3,Bebidas,2024-06-30,2024,2,2024-Q2,950238.0,-15108765.0,16059003.0,0.0,950238.0,905076.0,8393028.0,8320943.0,5491822.38,0.11,577.94,,,95.25,10.5,4.23,6.27,5.2129,567.44,Selic_Mod_8a13pct,Periodo_Normal,False
AMBEV,Ambev S.A.,ABEV3,Bebidas,2024-09-30,2024,3,2024-Q3,880374.0,-15178629.0,16059003.0,0.0,880374.0,4456875.0,13325822.0,13218521.0,8724223.86,0.07,990.97,,,506.25,10.75,4.42,6.33,5.5454,980.22,Selic_Mod_8a13pct,Periodo_Normal,False
AMERICANAS,Lojas Americanas S.A.,AMER3,Varejo,2011-03-31,2011,1,2011-Q1,351888.0,336605.0,15283.0,0.0,351888.0,118012.0,139498.0,84897.0,56032.02,2.52,15.92,,,33.54,11.75,6.3,5.45,1.6673,4.17,Selic_Mod_8a13pct,Periodo_Normal,True
AMERICANAS,Lojas Americanas S.A.,AMER3,Varejo,2011-06-30,2011,2,2011-Q2,351888.0,336605.0,15283.0,0.0,351888.0,221603.0,291785.0,186197.0,122890.02,1.21,34.92,,,62.98,12.25,6.71,5.54,1.5962,22.67,Selic_Mod_8a13pct,Periodo_Normal,True
AMERICANAS,Lojas Americanas S.A.,AMER3,Varejo,2011-09-30,2011,3,2011-Q3,351888.0,336605.0,15283.0,0.0,351888.0,335138.0,464163.0,290025.0,191416.5,0.76,54.4,,,95.24,12.0,7.31,4.69,1.6357,42.4,Selic_Mod_8a13pct,Periodo_Normal,True
AMERICANAS,Lojas Americanas S.A.,AMER3,Varejo,2012-03-31,2012,1,2012-Q1,1305439.0,1290142.0,15297.0,0.0,1305439.0,120772.0,86901.0,76020.0,50173.2,15.02,3.84,,,9.25,9.75,5.24,4.51,1.7701,-5.91,Selic_Mod_8a13pct,Periodo_Normal,True
AMERICANAS,Lojas Americanas S.A.,AMER3,Varejo,2012-06-30,2012,2,2012-Q2,1305439.0,1290142.0,15297.0,0.0,1305439.0,265836.0,198038.0,136578.0,90141.48,6.59,6.91,,,20.36,8.5,4.92,3.58,1.9641,-1.59,Selic_Mod_8a13pct,Periodo_Normal,True
AMERICANAS,Lojas Americanas S.A.,AMER3,Varejo,2012-09-30,2012,3,2012-Q3,1305439.0,1290142.0,15297.0,0.0,1305439.0,437534.0,321912.0,171440.0,113150.4,4.06,8.67,,,33.52,7.5,5.28,2.22,2.0288,1.17,Selic_Baixa_4a8pct,Periodo_Normal,True
AMERICANAS,Lojas Americanas S.A.,AMER3,Varejo,2013-03-31,2013,1,2013-Q1,1593072.0,1556805.0,36267.0,0.0,1593072.0,151997.0,74928.0,28391.0,18738.06,21.26,1.18,,,9.54,7.25,6.59,0.66,1.9976,-6.07,Selic_Baixa_4a8pct,Periodo_Normal,True
AMERICANAS,Lojas Americanas S.A.,AMER3,Varejo,2013-06-30,2013,2,2013-Q2,1593072.0,1556805.0,36267.0,0.0,1593072.0,303159.0,87984.0,64227.0,42389.82,18.11,2.66,,,19.03,8.0,6.7,1.3,2.0673,-5.34,Selic_Mod_8a13pct,Periodo_Normal,True
AMERICANAS,Lojas Americanas S.A.,AMER3,Varejo,2013-09-30,2013,3,2013-Q3,1593072.0,1556805.0,36267.0,0.0,1593072.0,456219.0,150318.0,100628.0,66414.48,10.6,4.17,,,28.64,9.0,5.86,3.14,2.288,-4.83,Selic_Mod_8a13pct,Periodo_Normal,True
AMERICANAS,Lojas Americanas S.A.,AMER3,Varejo,2014-03-31,2014,1,2014-Q1,2329893.0,2240392.0,89501.0,0.0,2329893.0,169746.0,90877.0,33271.0,21958.86,25.64,0.94,,,7.29,10.75,6.15,4.6,2.3652,-9.81,Selic_Mod_8a13pct,Periodo_Normal,True
AMERICANAS,Lojas Americanas S.A.,AMER3,Varejo,2014-06-30,2014,2,2014-Q2,2329893.0,2240392.0,89501.0,0.0,2329893.0,330138.0,428779.0,74102.0,48907.32,5.43,2.1,,,14.17,11.0,6.52,4.48,2.2296,-8.9,Selic_Mod_8a13pct,Periodo_Normal,True
AMERICANAS,Lojas Americanas S.A.,AMER3,Varejo,2014-09-30,2014,3,2014-Q3,2329893.0,2240392.0,89501.0,0.0,2329893.0,513974.0,226481.0,143410.0,94650.6,10.29,4.06,,,22.06,11.0,6.75,4.25,2.2745,-6.94,Selic_Mod_8a13pct,Periodo_Normal,True
AMERICANAS,Lojas Americanas S.A.,AMER3,Varejo,2015-03-31,2015,1,2015-Q1,1450931.0,1255582.0,195349.0,0.0,1450931.0,255878.0,130937.0,76068.0,50204.88,11.08,3.46,,,17.64,12.75,8.13,4.62,2.8702,-9.29,Selic_Mod_8a13pct,Recessao_2015-16,True
AMERICANAS,Lojas Americanas S.A.,AMER3,Varejo,2015-06-30,2015,2,2015-Q2,1443992.0,1248643.0,195349.0,0.0,1443992.0,499209.0,160873.0,145994.0,96356.04,8.98,6.67,,,34.57,13.75,8.89,4.86,3.0729,-7.08,Selic_Alta_>=13pct,Recessao_2015-16,True
AMERICANAS,Lojas Americanas S.A.,AMER3,Varejo,2015-09-30,2015,3,2015-Q3,1465523.0,1270174.0,195349.0,0.0,1465523.0,774322.0,284133.0,230295.0,151994.7,5.16,10.37,,,52.84,14.25,9.49,4.76,3.538,-3.88,Selic_Alta_>=13pct,Recessao_2015-16,True
AMERICANAS,Lojas Americanas S.A.,AMER3,Varejo,2016-03-31,2016,1,2016-Q1,3099240.0,2769816.0,329424.0,0.0,3099240.0,240939.0,131877.0,76813.0,50696.58,23.5,1.64,,,7.77,14.25,9.39,4.86,3.9022,-12.61,Selic_Alta_>=13pct,Recessao_2015-16,True
AMERICANAS,Lojas Americanas S.A.,AMER3,Varejo,2016-06-30,2016,2,2016-Q2,3065445.0,2736021.0,329424.0,0.0,3065445.0,492090.0,239951.0,141286.0,93248.76,12.78,3.04,,,16.05,14.25,8.84,5.41,3.5076,-11.21,Selic_Alta_>=13pct,Recessao_2015-16,True
AMERICANAS,Lojas Americanas S.A.,AMER3,Varejo,2016-09-30,2016,3,2016-Q3,3065445.0,2736021.0,329424.0,0.0,3065445.0,802479.0,385984.0,162606.0,107319.96,7.94,3.5,,,26.18,14.25,8.48,5.77,3.246,-10.75,Selic_Alta_>=13pct,Recessao_2015-16,True
AMERICANAS,Lojas Americanas S.A.,AMER3,Varejo,2017-03-31,2017,1,2017-Q1,3164008.0,2939760.0,224248.0,0.0,3164008.0,387400.0,166139.0,42044.0,27749.04,19.04,0.88,,,12.24,12.25,4.57,7.68,3.1451,-11.37,Selic_Mod_8a13pct,Periodo_Normal,True
AMERICANAS,Lojas Americanas S.A.,AMER3,Varejo,2017-06-30,2017,2,2017-Q2,3164008.0,2939760.0,224248.0,0.0,3164008.0,711841.0,438639.0,128598.0,84874.68,7.21,2.68,,,22.5,10.25,3.0,7.25,3.2174,-7.57,Selic_Mod_8a13pct,Periodo_Normal,True
AMERICANAS,Lojas Americanas S.A.,AMER3,Varejo,2017-09-30,2017,3,2017-Q3,3164008.0,2939760.0,224248.0,0.0,3164008.0,1102546.0,603942.0,187091.0,123480.06,5.24,3.9,,,34.85,8.25,2.54,5.71,3.164,-4.35,Selic_Mod_8a13pct,Periodo_Normal,True
AMERICANAS,Lojas Americanas S.A.,AMER3,Varejo,2018-03-31,2018,1,2018-Q1,5013382.0,3543882.0,1469500.0,0.0,5013382.0,341884.0,43131.0,-54496.0,-35967.36,116.24,-0.72,,,6.82,6.5,2.68,3.82,3.2433,-7.22,Selic_Baixa_4a8pct,Periodo_Normal,True
AMERICANAS,Lojas Americanas S.A.,AMER3,Varejo,2018-06-30,2018,2,2018-Q2,5013382.0,3543882.0,1469500.0,0.0,5013382.0,630114.0,94291.0,-63718.0,-42053.88,53.17,-0.84,,,12.57,6.5,4.39,2.11,3.6056,-7.34,Selic_Baixa_4a8pct,Periodo_Normal,True
AMERICANAS,Lojas Americanas S.A.,AMER3,Varejo,2018-09-30,2018,3,2018-Q3,5013382.0,3543882.0,1469500.0,0.0,5013382.0,909008.0,153450.0,-52491.0,-34644.06,32.67,-0.69,,,18.13,6.5,4.53,1.97,3.9505,-7.19,Selic_Baixa_4a8pct,Periodo_Normal,True
AMERICANAS,Lojas Americanas S.A.,AMER3,Varejo,2019-03-31,2019,1,2019-Q1,5479712.0,2359764.0,3119948.0,0.0,5479712.0,245135.0,9466.0,-49502.0,-32671.32,578.88,-0.6,,-3501.18,4.47,6.5,4.58,1.92,3.7684,-7.1,Selic_Baixa_4a8pct,Periodo_Normal,True
AMERICANAS,Lojas Americanas S.A.,AMER3,Varejo,2019-06-30,2019,2,2019-Q2,5479712.0,2359764.0,3119948.0,0.0,5479712.0,489940.0,38362.0,-79275.0,-52321.5,142.84,-0.95,,,8.94,6.5,3.37,3.13,3.9221,-7.45,Selic_Baixa_4a8pct,Periodo_Normal,True
AMERICANAS,Lojas Americanas S.A.,AMER3,Varejo,2019-09-30,2019,3,2019-Q3,5479712.0,2359764.0,3119948.0,0.0,5479712.0,748830.0,94363.0,-86635.0,-57179.1,58.07,-1.04,,,13.67,5.5,2.89,2.61,3.9684,-6.54,Selic_Baixa_4a8pct,Periodo_Normal,True
AMERICANAS,Lojas Americanas S.A.,AMER3,Varejo,2020-03-31,2020,1,2020-Q1,5416565.0,1880758.0,3535807.0,0.0,5416565.0,275968.0,20345.0,-54871.0,-36214.86,266.24,-0.67,,,5.09,3.75,3.3,0.45,4.4657,-4.42,Selic_Minima_<4pct,Pandemia_2020,True
AMERICANAS,Lojas Americanas S.A.,AMER3,Varejo,2020-06-30,2020,2,2020-Q2,5416565.0,1880758.0,3535807.0,0.0,5416565.0,556312.0,51925.0,-85368.0,-56342.88,104.32,-1.04,,,10.27,2.25,2.13,0.12,5.3854,-3.29,Selic_Minima_<4pct,Pandemia_2020,True
AMERICANAS,Lojas Americanas S.A.,AMER3,Varejo,2020-09-30,2020,3,2020-Q3,5416565.0,1880758.0,3535807.0,0.0,5416565.0,832183.0,108102.0,-79703.0,-52603.98,50.11,-0.97,,,15.36,2.0,3.14,-1.14,5.3772,-2.97,Selic_Minima_<4pct,Pandemia_2020,True
AMERICANAS,Lojas Americanas S.A.,AMER3,Varejo,2021-03-31,2021,1,2021-Q1,3994770.0,-2639517.0,6634287.0,0.0,3994770.0,207996.0,2973.0,-44455.0,-29340.3,1343.68,-0.73,,,5.21,2.75,6.1,-3.35,5.4833,-3.48,Selic_Minima_<4pct,Espiral_Inflac_2021-22,True
AMERICANAS,Lojas Americanas S.A.,AMER3,Varejo,2021-06-30,2021,2,2021-Q2,3994770.0,-2639517.0,6634287.0,0.0,3994770.0,409223.0,45007.0,-37233.0,-24573.78,88.76,-0.62,,,10.24,4.25,8.35,-4.1,5.2907,-4.87,Selic_Baixa_4a8pct,Espiral_Inflac_2021-22,True
AMERICANAS,Lojas Americanas S.A.,AMER3,Varejo,2021-09-30,2021,3,2021-Q3,3994770.0,-2639517.0,6634287.0,0.0,3994770.0,586218.0,96818.0,8949.0,5906.34,41.26,0.15,,,14.67,6.25,10.25,-4.0,5.2286,-6.1,Selic_Baixa_4a8pct,Espiral_Inflac_2021-22,True
AMERICANAS,Lojas Americanas S.A.,AMER3,Varejo,2022-03-31,2022,1,2022-Q1,4058209.0,1351321.0,2706888.0,144590.0,4202799.0,200705.0,-48122.0,-97537.0,-64374.42,,-1.53,-94.98,,4.95,11.75,11.3,0.45,5.2299,-13.28,Selic_Mod_8a13pct,Espiral_Inflac_2021-22,True
AMERICANAS,Lojas Americanas S.A.,AMER3,Varejo,2022-06-30,2022,2,2022-Q2,4058207.0,1351319.0,2706888.0,144590.0,4202797.0,365740.0,8877.0,-31694.0,-20918.04,457.16,-0.5,-67.71,,9.01,13.25,11.89,1.36,4.9266,-13.75,Selic_Alta_>=13pct,Espiral_Inflac_2021-22,True
AMERICANAS,Lojas Americanas S.A.,AMER3,Varejo,2022-09-30,2022,3,2022-Q3,4058207.0,1351319.0,2706888.0,144590.0,4202797.0,820866.0,535850.0,260920.0,172207.2,7.57,4.1,-146.31,,20.23,13.75,7.17,6.58,5.2462,-9.65,Selic_Alta_>=13pct,Espiral_Inflac_2021-22,True
AMERICANAS,Lojas Americanas S.A.,AMER3,Varejo,2023-03-31,2023,1,2023-Q1,10371000.0,7894000.0,2477000.0,0.0,10371000.0,1323000.0,-1151000.0,-1231000.0,-812460.0,,-7.83,,,12.76,13.75,4.65,9.1,5.1963,-21.58,Selic_Alta_>=13pct,Periodo_Normal,True
AMERICANAS,Lojas Americanas S.A.,AMER3,Varejo,2023-06-30,2023,2,2023-Q2,10372000.0,7895000.0,2477000.0,0.0,10372000.0,2974000.0,-1409000.0,-1602000.0,-1057320.0,,-10.19,,,28.67,13.75,3.16,10.59,4.9485,-23.94,Selic_Alta_>=13pct,Periodo_Normal,True
AMERICANAS,Lojas Americanas S.A.,AMER3,Varejo,2023-09-30,2023,3,2023-Q3,10167000.0,7690000.0,2477000.0,0.0,10167000.0,4582000.0,-2002000.0,-2510000.0,-1656600.0,,-16.29,,,45.07,12.75,5.19,7.56,4.8803,-29.04,Selic_Mod_8a13pct,Periodo_Normal,True
AMERICANAS,Lojas Americanas S.A.,AMER3,Varejo,2024-03-31,2024,1,2024-Q1,8596000.0,6838000.0,1758000.0,0.0,8596000.0,2804000.0,-844000.0,-846000.0,-558360.0,,-6.5,,,32.62,10.75,3.93,6.82,4.9515,-17.25,Selic_Mod_8a13pct,Periodo_Normal,True
AMERICANAS,Lojas Americanas S.A.,AMER3,Varejo,2024-06-30,2024,2,2024-Q2,8596000.0,6838000.0,1758000.0,0.0,8596000.0,3435000.0,-1771000.0,-1777000.0,-1172820.0,,-13.64,,,39.96,10.5,4.23,6.27,5.2129,-24.14,Selic_Mod_8a13pct,Periodo_Normal,True
AMERICANAS,Lojas Americanas S.A.,AMER3,Varejo,2024-09-30,2024,3,2024-Q3,8748000.0,6990000.0,1758000.0,0.0,8748000.0,4275000.0,-2209000.0,-2211000.0,-1459260.0,,-16.68,,,48.87,10.75,4.42,6.33,5.5454,-27.43,Selic_Mod_8a13pct,Periodo_Normal,True
BANCODOBRASIL,Banco do Brasil S.A.,BBAS3,Financeiro,2011-03-31,2011,1,2011-Q1,,,,,,,,,,,,,,,11.75,6.3,5.45,1.6673,,Selic_Mod_8a13pct,Periodo_Normal,False
BANCODOBRASIL,Banco do Brasil S.A.,BBAS3,Financeiro,2011-06-30,2011,2,2011-Q2,,,,,,,,,,,,,,,12.25,6.71,5.54,1.5962,,Selic_Mod_8a13pct,Periodo_Normal,False
BANCODOBRASIL,Banco do Brasil S.A.,BBAS3,Financeiro,2011-09-30,2011,3,2011-Q3,,,,,,,,,,,,,,,12.0,7.31,4.69,1.6357,,Selic_Mod_8a13pct,Periodo_Normal,False
BANCODOBRASIL,Banco do Brasil S.A.,BBAS3,Financeiro,2011-12-31,2011,4,2011-Q4,,,,,,,,,,,,,,,11.0,6.5,4.5,1.8012,,Selic_Mod_8a13pct,Periodo_Normal,False
BANCODOBRASIL,Banco do Brasil S.A.,BBAS3,Financeiro,2012-03-31,2012,1,2012-Q1,,,,,,,,,,,,,,,9.75,5.24,4.51,1.7701,,Selic_Mod_8a13pct,Periodo_Normal,False
BANCODOBRASIL,Banco do Brasil S.A.,BBAS3,Financeiro,2012-06-30,2012,2,2012-Q2,,,,,,,,,,,,,,,8.5,4.92,3.58,1.9641,,Selic_Mod_8a13pct,Periodo_Normal,False
BANCODOBRASIL,Banco do Brasil S.A.,BBAS3,Financeiro,2012-09-30,2012,3,2012-Q3,,,,,,,,,,,,,,,7.5,5.28,2.22,2.0288,,Selic_Baixa_4a8pct,Periodo_Normal,False
BANCODOBRASIL,Banco do Brasil S.A.,BBAS3,Financeiro,2012-12-31,2012,4,2012-Q4,,,,,,,,,,,,,,,7.25,5.84,1.41,2.0576,,Selic_Baixa_4a8pct,Periodo_Normal,False
BANCODOBRASIL,Banco do Brasil S.A.,BBAS3,Financeiro,2013-03-31,2013,1,2013-Q1,,,,,,,,,,,,,,,7.25,6.59,0.66,1.9976,,Selic_Baixa_4a8pct,Periodo_Normal,False
BANCODOBRASIL,Banco do Brasil S.A.,BBAS3,Financeiro,2013-06-30,2013,2,2013-Q2,,,,,,,,,,,,,,,8.0,6.7,1.3,2.0673,,Selic_Mod_8a13pct,Periodo_Normal,False
BANCODOBRASIL,Banco do Brasil S.A.,BBAS3,Financeiro,2013-09-30,2013,3,2013-Q3,,,,,,,,,,,,,,,9.0,5.86,3.14,2.288,,Selic_Mod_8a13pct,Periodo_Normal,False
BANCODOBRASIL,Banco do Brasil S.A.,BBAS3,Financeiro,2013-12-31,2013,4,2013-Q4,,,,,,,,,,,,,,,10.0,5.91,4.09,2.2735,,Selic_Mod_8a13pct,Periodo_Normal,False
BANCODOBRASIL,Banco do Brasil S.A.,BBAS3,Financeiro,2014-03-31,2014,1,2014-Q1,,,,,,,,,,,,,,,10.75,6.15,4.6,2.3652,,Selic_Mod_8a13pct,Periodo_Normal,False
BANCODOBRASIL,Banco do Brasil S.A.,BBAS3,Financeiro,2014-06-30,2014,2,2014-Q2,,,,,,,,,,,,,,,11.0,6.52,4.48,2.2296,,Selic_Mod_8a13pct,Periodo_Normal,False
BANCODOBRASIL,Banco do Brasil S.A.,BBAS3,Financeiro,2014-09-30,2014,3,2014-Q3,,,,,,,,,,,,,,,11.0,6.75,4.25,2.2745,,Selic_Mod_8a13pct,Periodo_Normal,False
BANCODOBRASIL,Banco do Brasil S.A.,BBAS3,Financeiro,2014-12-31,2014,4,2014-Q4,,,,,,,,,,,,,,,11.75,6.41,5.34,2.5437,,Selic_Mod_8a13pct,Periodo_Normal,False
BANCODOBRASIL,Banco do Brasil S.A.,BBAS3,Financeiro,2015-03-31,2015,1,2015-Q1,,,,,,,,,,,,,,,12.75,8.13,4.62,2.8702,,Selic_Mod_8a13pct,Recessao_2015-16,False
BANCODOBRASIL,Banco do Brasil S.A.,BBAS3,Financeiro,2015-06-30,2015,2,2015-Q2,,,,,,,,,,,,,,,13.75,8.89,4.86,3.0729,,Selic_Alta_>=13pct,Recessao_2015-16,False
BANCODOBRASIL,Banco do Brasil S.A.,BBAS3,Financeiro,2015-09-30,2015,3,2015-Q3,,,,,,,,,,,,,,,14.25,9.49,4.76,3.538,,Selic_Alta_>=13pct,Recessao_2015-16,False
BANCODOBRASIL,Banco do Brasil S.A.,BBAS3,Financeiro,2015-12-31,2015,4,2015-Q4,,,,,,,,,,,,,,,14.25,10.67,3.58,3.8441,,Selic_Alta_>=13pct,Recessao_2015-16,False
BANCODOBRASIL,Banco do Brasil S.A.,BBAS3,Financeiro,2016-03-31,2016,1,2016-Q1,,,,,,,,,,,,,,,14.25,9.39,4.86,3.9022,,Selic_Alta_>=13pct,Recessao_2015-16,False
BANCODOBRASIL,Banco do Brasil S.A.,BBAS3,Financeiro,2016-06-30,2016,2,2016-Q2,,,,,,,,,,,,,,,14.25,8.84,5.41,3.5076,,Selic_Alta_>=13pct,Recessao_2015-16,False
BANCODOBRASIL,Banco do Brasil S.A.,BBAS3,Financeiro,2016-09-30,2016,3,2016-Q3,,,,,,,,,,,,,,,14.25,8.48,5.77,3.246,,Selic_Alta_>=13pct,Recessao_2015-16,False
BANCODOBRASIL,Banco do Brasil S.A.,BBAS3,Financeiro,2016-12-31,2016,4,2016-Q4,,,,,,,,,,,,,,,13.75,6.29,7.46,3.2953,,Selic_Alta_>=13pct,Recessao_2015-16,False
BANCODOBRASIL,Banco do Brasil S.A.,BBAS3,Financeiro,2017-03-31,2017,1,2017-Q1,,,,,,,,,,,,,,,12.25,4.57,7.68,3.1451,,Selic_Mod_8a13pct,Periodo_Normal,False
BANCODOBRASIL,Banco do Brasil S.A.,BBAS3,Financeiro,2017-06-30,2017,2,2017-Q2,,,,,,,,,,,,,,,10.25,3.0,7.25,3.2174,,Selic_Mod_8a13pct,Periodo_Normal,False
BANCODOBRASIL,Banco do Brasil S.A.,BBAS3,Financeiro,2017-09-30,2017,3,2017-Q3,,,,,,,,,,,,,,,8.25,2.54,5.71,3.164,,Selic_Mod_8a13pct,Periodo_Normal,False
BANCODOBRASIL,Banco do Brasil S.A.,BBAS3,Financeiro,2017-12-31,2017,4,2017-Q4,,,,,,,,,,,,,,,7.0,2.95,4.05,3.2466,,Selic_Baixa_4a8pct,Periodo_Normal,False
BANCODOBRASIL,Banco do Brasil S.A.,BBAS3,Financeiro,2018-03-31,2018,1,2018-Q1,,,,,,,,,,,,,,,6.5,2.68,3.82,3.2433,,Selic_Baixa_4a8pct,Periodo_Normal,False
BANCODOBRASIL,Banco do Brasil S.A.,BBAS3,Financeiro,2018-06-30,2018,2,2018-Q2,,,,,,,,,,,,,,,6.5,4.39,2.11,3.6056,,Selic_Baixa_4a8pct,Periodo_Normal,False
BANCODOBRASIL,Banco do Brasil S.A.,BBAS3,Financeiro,2018-09-30,2018,3,2018-Q3,,,,,,,,,,,,,,,6.5,4.53,1.97,3.9505,,Selic_Baixa_4a8pct,Periodo_Normal,False
BANCODOBRASIL,Banco do Brasil S.A.,BBAS3,Financeiro,2018-12-31,2018,4,2018-Q4,,,,,,,,,,,,,,,6.5,3.75,2.75,3.8084,,Selic_Baixa_4a8pct,Periodo_Normal,False
BANCODOBRASIL,Banco do Brasil S.A.,BBAS3,Financeiro,2019-03-31,2019,1,2019-Q1,,,,,,,,,,,,,,,6.5,4.58,1.92,3.7684,,Selic_Baixa_4a8pct,Periodo_Normal,False
BANCODOBRASIL,Banco do Brasil S.A.,BBAS3,Financeiro,2019-06-30,2019,2,2019-Q2,,,,,,,,,,,,,,,6.5,3.37,3.13,3.9221,,Selic_Baixa_4a8pct,Periodo_Normal,False
BANCODOBRASIL,Banco do Brasil S.A.,BBAS3,Financeiro,2019-09-30,2019,3,2019-Q3,,,,,,,,,,,,,,,5.5,2.89,2.61,3.9684,,Selic_Baixa_4a8pct,Periodo_Normal,False
BANCODOBRASIL,Banco do Brasil S.A.,BBAS3,Financeiro,2019-12-31,2019,4,2019-Q4,,,,,,,,,,,,,,,4.5,4.31,0.19,4.1158,,Selic_Baixa_4a8pct,Periodo_Normal,False
BANCODOBRASIL,Banco do Brasil S.A.,BBAS3,Financeiro,2020-03-31,2020,1,2020-Q1,,,,,,,,,,,,,,,3.75,3.3,0.45,4.4657,,Selic_Minima_<4pct,Pandemia_2020,False
BANCODOBRASIL,Banco do Brasil S.A.,BBAS3,Financeiro,2020-06-30,2020,2,2020-Q2,,,,,,,,,,,,,,,2.25,2.13,0.12,5.3854,,Selic_Minima_<4pct,Pandemia_2020,False
BANCODOBRASIL,Banco do Brasil S.A.,BBAS3,Financeiro,2020-09-30,2020,3,2020-Q3,,,,,,,,,,,,,,,2.0,3.14,-1.14,5.3772,,Selic_Minima_<4pct,Pandemia_2020,False
BANCODOBRASIL,Banco do Brasil S.A.,BBAS3,Financeiro,2020-12-31,2020,4,2020-Q4,,,,,,,,,,,,,,,2.0,4.52,-2.52,5.3921,,Selic_Minima_<4pct,Pandemia_2020,False
BANCODOBRASIL,Banco do Brasil S.A.,BBAS3,Financeiro,2021-03-31,2021,1,2021-Q1,,,,,,,,,,,,,,,2.75,6.1,-3.35,5.4833,,Selic_Minima_<4pct,Espiral_Inflac_2021-22,False
BANCODOBRASIL,Banco do Brasil S.A.,BBAS3,Financeiro,2021-06-30,2021,2,2021-Q2,,,,,,,,,,,,,,,4.25,8.35,-4.1,5.2907,,Selic_Baixa_4a8pct,Espiral_Inflac_2021-22,False
BANCODOBRASIL,Banco do Brasil S.A.,BBAS3,Financeiro,2021-09-30,2021,3,2021-Q3,,,,,,,,,,,,,,,6.25,10.25,-4.0,5.2286,,Selic_Baixa_4a8pct,Espiral_Inflac_2021-22,False
BANCODOBRASIL,Banco do Brasil S.A.,BBAS3,Financeiro,2021-12-31,2021,4,2021-Q4,,,,,,,,,,,,,,,9.25,10.06,-0.81,5.586,,Selic_Mod_8a13pct,Espiral_Inflac_2021-22,False
BANCODOBRASIL,Banco do Brasil S.A.,BBAS3,Financeiro,2022-03-31,2022,1,2022-Q1,671269541.0,653246540.0,18023001.0,17410255.0,688679796.0,1041079.0,9027000.0,3764120.0,2484319.2,74.36,0.36,26.24,74.25,0.16,11.75,11.3,0.45,5.2299,-11.39,Selic_Mod_8a13pct,Espiral_Inflac_2021-22,False
BANCODOBRASIL,Banco do Brasil S.A.,BBAS3,Financeiro,2022-06-30,2022,2,2022-Q2,671269541.0,653246540.0,18023001.0,17805018.0,689074559.0,2060295.0,25104088.0,8214693.0,5421697.38,26.74,0.79,46.07,91.49,0.31,13.25,11.89,1.36,4.9266,-12.46,Selic_Alta_>=13pct,Espiral_Inflac_2021-22,False
BANCODOBRASIL,Banco do Brasil S.A.,BBAS3,Financeiro,2022-09-30,2022,3,2022-Q3,671269541.0,653246540.0,18023001.0,17921004.0,689190545.0,1482197.0,37990511.0,13282954.0,8766749.64,17.67,1.27,41.9,64.34,0.22,13.75,7.17,6.58,5.2462,-12.48,Selic_Alta_>=13pct,Espiral_Inflac_2021-22,False
BANCODOBRASIL,Banco do Brasil S.A.,BBAS3,Financeiro,2023-03-31,2023,1,2023-Q1,753263047.0,734952501.0,18310546.0,19057450.0,772320497.0,1221023.0,15836727.0,4999474.0,3299652.84,47.56,0.43,35.11,61.04,0.16,13.75,4.65,9.1,5.1963,-13.32,Selic_Alta_>=13pct,Periodo_Normal,False
BANCODOBRASIL,Banco do Brasil S.A.,BBAS3,Financeiro,2023-06-30,2023,2,2023-Q2,753263047.0,734952501.0,18310546.0,18968259.0,772231306.0,791128.0,34179865.0,16729225.0,11041288.5,22.04,1.43,44.09,71.16,0.11,13.75,3.16,10.59,4.9485,-12.32,Selic_Alta_>=13pct,Periodo_Normal,False
BANCODOBRASIL,Banco do Brasil S.A.,BBAS3,Financeiro,2023-09-30,2023,3,2023-Q3,753263047.0,734952501.0,18310546.0,18705487.0,771968534.0,1240904.0,55470731.0,27829383.0,18367392.78,13.58,2.38,42.96,83.23,0.16,12.75,5.19,7.56,4.8803,-10.37,Selic_Mod_8a13pct,Periodo_Normal,False
BANCODOBRASIL,Banco do Brasil S.A.,BBAS3,Financeiro,2024-03-31,2024,1,2024-Q1,811943803.0,794616058.0,17327745.0,19709043.0,831652846.0,757847.0,19370749.0,9082479.0,5994436.14,41.92,0.72,40.74,64.54,0.09,10.75,3.93,6.82,4.9515,-10.03,Selic_Mod_8a13pct,Periodo_Normal,False
BANCODOBRASIL,Banco do Brasil S.A.,BBAS3,Financeiro,2024-06-30,2024,2,2024-Q2,811943803.0,794616058.0,17327745.0,20823582.0,832767385.0,1770720.0,44785617.0,20859993.0,13767595.38,18.13,1.65,41.76,57.33,0.22,10.5,4.23,6.27,5.2129,-8.85,Selic_Mod_8a13pct,Periodo_Normal,False
BANCODOBRASIL,Banco do Brasil S.A.,BBAS3,Financeiro,2024-09-30,2024,3,2024-Q3,811943803.0,794616058.0,17327745.0,22059882.0,834003685.0,2625196.0,67204442.0,32161467.0,21226568.22,12.08,2.55,23.87,48.12,0.32,10.75,4.42,6.33,5.5454,-8.2,Selic_Mod_8a13pct,Periodo_Normal,False
GOL,Gol Linhas Aéreas Inteligentes S.A.,GOLL4,Aviação,2011-03-31,2011,1,2011-Q1,0.0,-1955858.0,1955858.0,2315655.0,2315655.0,89522.0,191657.0,191420.0,126337.2,0.0,5.46,3.0,306.98,,11.75,6.3,5.45,1.6673,-6.29,Selic_Mod_8a13pct,Periodo_Normal,False
GOL,Gol Linhas Aéreas Inteligentes S.A.,GOLL4,Aviação,2011-06-30,2011,2,2011-Q2,0.0,-1955858.0,1955858.0,-132522.0,-132522.0,86670.0,249047.0,248689.0,164134.74,0.0,-123.85,,,,12.25,6.71,5.54,1.5962,-136.1,Selic_Mod_8a13pct,Periodo_Normal,False
GOL,Gol Linhas Aéreas Inteligentes S.A.,GOLL4,Aviação,2011-09-30,2011,3,2011-Q3,0.0,-1955858.0,1955858.0,-132522.0,-132522.0,109144.0,441560.0,435887.0,287685.42,0.0,-217.09,,,,12.0,7.31,4.69,1.6357,-229.09,Selic_Mod_8a13pct,Periodo_Normal,False
GOL,Gol Linhas Aéreas Inteligentes S.A.,GOLL4,Aviação,2012-03-31,2012,1,2012-Q1,0.0,-1230287.0,1230287.0,2316500.0,2316500.0,,141421.0,135270.0,89278.2,0.0,3.85,-1.79,,,9.75,5.24,4.51,1.7701,-5.9,Selic_Mod_8a13pct,Periodo_Normal,False
GOL,Gol Linhas Aéreas Inteligentes S.A.,GOLL4,Aviação,2012-06-30,2012,2,2012-Q2,0.0,-1230287.0,1230287.0,2316500.0,2316500.0,225638.0,-123214.0,-135544.0,-89459.04,,-3.86,-30.87,,,8.5,4.92,3.58,1.9641,-12.36,Selic_Mod_8a13pct,Periodo_Normal,False
GOL,Gol Linhas Aéreas Inteligentes S.A.,GOLL4,Aviação,2012-09-30,2012,3,2012-Q3,0.0,-1230287.0,1230287.0,2316500.0,2316500.0,,-195330.0,-210604.0,-138998.64,,-6.0,-13.35,,,7.5,5.28,2.22,2.0288,-13.5,Selic_Baixa_4a8pct,Periodo_Normal,False
GOL,Gol Linhas Aéreas Inteligentes S.A.,GOLL4,Aviação,2013-03-31,2013,1,2013-Q1,0.0,-775551.0,775551.0,2499689.0,2499689.0,199740.0,7460.0,7262.0,4792.92,0.0,0.19,-3.01,,,7.25,6.59,0.66,1.9976,-7.06,Selic_Baixa_4a8pct,Periodo_Normal,False
GOL,Gol Linhas Aéreas Inteligentes S.A.,GOLL4,Aviação,2013-06-30,2013,2,2013-Q2,0.0,-775551.0,775551.0,2499689.0,2499689.0,425379.0,-347148.0,-347383.0,-229272.78,,-9.17,-17.98,-76.84,,8.0,6.7,1.3,2.0673,-17.17,Selic_Mod_8a13pct,Periodo_Normal,False
GOL,Gol Linhas Aéreas Inteligentes S.A.,GOLL4,Aviação,2013-09-30,2013,3,2013-Q3,0.0,-775551.0,775551.0,2499689.0,2499689.0,,-544011.0,-548040.0,-361706.4,,-14.47,-7.88,-33.68,,9.0,5.86,3.14,2.288,-23.47,Selic_Mod_8a13pct,Periodo_Normal,False
GOL,Gol Linhas Aéreas Inteligentes S.A.,GOLL4,Aviação,2014-03-31,2014,1,2014-Q1,0.0,-1635647.0,1635647.0,2501574.0,2501574.0,236332.0,101184.0,101175.0,66775.5,0.0,2.67,-5.24,-11.35,,10.75,6.15,4.6,2.3652,-8.08,Selic_Mod_8a13pct,Periodo_Normal,False
GOL,Gol Linhas Aéreas Inteligentes S.A.,GOLL4,Aviação,2014-06-30,2014,2,2014-Q2,0.0,-1635647.0,1635647.0,-145279.0,-145279.0,437584.0,74386.0,66097.0,43624.02,0.0,-30.03,,-15.07,,11.0,6.52,4.48,2.2296,-41.03,Selic_Mod_8a13pct,Periodo_Normal,False
GOL,Gol Linhas Aéreas Inteligentes S.A.,GOLL4,Aviação,2014-09-30,2014,3,2014-Q3,0.0,-1635647.0,1635647.0,-150214.0,-150214.0,,125265.0,103132.0,68067.12,0.0,-45.31,,-23.57,,11.0,6.75,4.25,2.2745,-56.31,Selic_Mod_8a13pct,Periodo_Normal,False
GOL,Gol Linhas Aéreas Inteligentes S.A.,GOLL4,Aviação,2015-03-31,2015,1,2015-Q1,0.0,-1898773.0,1898773.0,-150214.0,-150214.0,774068.0,144484.0,144450.0,95337.0,0.0,-63.47,,-237.36,,12.75,8.13,4.62,2.8702,-76.22,Selic_Mod_8a13pct,Recessao_2015-16,False
GOL,Gol Linhas Aéreas Inteligentes S.A.,GOLL4,Aviação,2015-06-30,2015,2,2015-Q2,0.0,-1898773.0,1898773.0,-150214.0,-150214.0,,182299.0,182298.0,120316.68,0.0,-80.1,,-133.38,,13.75,8.89,4.86,3.0729,-93.85,Selic_Alta_>=13pct,Recessao_2015-16,False
GOL,Gol Linhas Aéreas Inteligentes S.A.,GOLL4,Aviação,2015-09-30,2015,3,2015-Q3,0.0,-1898773.0,1898773.0,2618748.0,2618748.0,,346800.0,334256.0,220608.96,0.0,8.42,-83.2,-734.04,,14.25,9.49,4.76,3.538,-5.83,Selic_Alta_>=13pct,Recessao_2015-16,False
GOL,Gol Linhas Aéreas Inteligentes S.A.,GOLL4,Aviação,2016-03-31,2016,1,2016-Q1,0.0,-1072000.0,1072000.0,-155000.0,-155000.0,,161000.0,155000.0,102300.0,0.0,-66.0,,142.89,,14.25,9.39,4.86,3.9022,-80.25,Selic_Alta_>=13pct,Recessao_2015-16,False
GOL,Gol Linhas Aéreas Inteligentes S.A.,GOLL4,Aviação,2016-06-30,2016,2,2016-Q2,0.0,-1072000.0,1072000.0,-155000.0,-155000.0,,-95000.0,-97000.0,-64020.0,,41.3,,51.42,,14.25,8.84,5.41,3.5076,27.05,Selic_Alta_>=13pct,Recessao_2015-16,False
GOL,Gol Linhas Aéreas Inteligentes S.A.,GOLL4,Aviação,2016-09-30,2016,3,2016-Q3,0.0,-1072332.0,1072332.0,-155618.0,-155618.0,,-60169.0,-88435.0,-58367.1,,37.51,,-0.18,,14.25,8.48,5.77,3.246,23.26,Selic_Alta_>=13pct,Recessao_2015-16,False
GOL,Gol Linhas Aéreas Inteligentes S.A.,GOLL4,Aviação,2017-03-31,2017,1,2017-Q1,0.0,-562207.0,562207.0,-155618.0,-155618.0,,468284.0,437180.0,288538.8,0.0,-185.41,,37.19,,12.25,4.57,7.68,3.1451,-197.66,Selic_Mod_8a13pct,Periodo_Normal,False
GOL,Gol Linhas Aéreas Inteligentes S.A.,GOLL4,Aviação,2017-06-30,2017,2,2017-Q2,0.0,-562207.0,562207.0,3080110.0,3080110.0,229506.0,265782.0,265767.0,175406.22,0.0,5.69,-15.41,,,10.25,3.0,7.25,3.2174,-4.56,Selic_Mod_8a13pct,Periodo_Normal,False
GOL,Gol Linhas Aéreas Inteligentes S.A.,GOLL4,Aviação,2017-09-30,2017,3,2017-Q3,0.0,-562207.0,562207.0,3080110.0,3080110.0,,508974.0,498332.0,328899.12,0.0,10.68,10.64,,,8.25,2.54,5.71,3.164,2.43,Selic_Mod_8a13pct,Periodo_Normal,False
GOL,Gol Linhas Aéreas Inteligentes S.A.,GOLL4,Aviação,2018-03-31,2018,1,2018-Q1,0.0,-1026862.0,1026862.0,-155618.0,-155618.0,,255436.0,255403.0,168565.98,0.0,-108.32,,,,6.5,2.68,3.82,3.2433,-114.82,Selic_Baixa_4a8pct,Periodo_Normal,False
GOL,Gol Linhas Aéreas Inteligentes S.A.,GOLL4,Aviação,2018-06-30,2018,2,2018-Q2,0.0,-1026862.0,1026862.0,3082802.0,3082802.0,1046002.0,350797.0,277619.0,183228.54,0.0,5.94,-43.01,,,6.5,4.39,2.11,3.6056,-0.56,Selic_Baixa_4a8pct,Periodo_Normal,False
GOL,Gol Linhas Aéreas Inteligentes S.A.,GOLL4,Aviação,2018-09-30,2018,3,2018-Q3,0.0,-1026862.0,1026862.0,3082802.0,3082802.0,,608049.0,603015.0,397989.9,0.0,12.91,-13.27,,,6.5,4.53,1.97,3.9505,6.41,Selic_Baixa_4a8pct,Periodo_Normal,False
GOL,Gol Linhas Aéreas Inteligentes S.A.,GOLL4,Aviação,2019-03-31,2019,1,2019-Q1,0.0,-826187.0,826187.0,0.0,0.0,115332.0,505804.0,504292.0,332832.72,0.0,inf,,-6.75,,6.5,4.58,1.92,3.7684,inf,Selic_Baixa_4a8pct,Periodo_Normal,False
GOL,Gol Linhas Aéreas Inteligentes S.A.,GOLL4,Aviação,2019-06-30,2019,2,2019-Q2,0.0,-826187.0,826187.0,0.0,0.0,,552004.0,547098.0,361084.68,0.0,inf,,,,6.5,3.37,3.13,3.9221,inf,Selic_Baixa_4a8pct,Periodo_Normal,False
GOL,Gol Linhas Aéreas Inteligentes S.A.,GOLL4,Aviação,2019-09-30,2019,3,2019-Q3,0.0,-826187.0,826187.0,0.0,0.0,,732541.0,727601.0,480216.66,0.0,inf,,,,5.5,2.89,2.61,3.9684,inf,Selic_Baixa_4a8pct,Periodo_Normal,False
GOL,Gol Linhas Aéreas Inteligentes S.A.,GOLL4,Aviação,2020-03-31,2020,1,2020-Q1,0.0,-1645425.0,1645425.0,727.0,727.0,,506232.0,506210.0,334098.6,0.0,45955.79,0.0,0.0,,3.75,3.3,0.45,4.4657,45952.04,Selic_Minima_<4pct,Pandemia_2020,False
GOL,Gol Linhas Aéreas Inteligentes S.A.,GOLL4,Aviação,2020-06-30,2020,2,2020-Q2,0.0,-1645425.0,1645425.0,135.0,135.0,,825119.0,825088.0,544558.08,0.0,403376.36,-1479194.81,-1402.94,,2.25,2.13,0.12,5.3854,403374.11,Selic_Minima_<4pct,Pandemia_2020,False
GOL,Gol Linhas Aéreas Inteligentes S.A.,GOLL4,Aviação,2020-09-30,2020,3,2020-Q3,0.0,-1645425.0,1645425.0,304.0,304.0,,1438094.0,1438062.0,949120.92,0.0,312210.83,-565713.82,-1208.23,,2.0,3.14,-1.14,5.3772,312208.83,Selic_Minima_<4pct,Pandemia_2020,False
GOL,Gol Linhas Aéreas Inteligentes S.A.,GOLL4,Aviação,2021-03-31,2021,1,2021-Q1,9609719.0,8946889.0,662830.0,3009436.0,12619155.0,568498.0,1099923.0,1025421.0,676777.86,8.74,5.36,-84.02,,5.92,2.75,6.1,-3.35,5.4833,2.61,Selic_Minima_<4pct,Espiral_Inflac_2021-22,False
GOL,Gol Linhas Aéreas Inteligentes S.A.,GOLL4,Aviação,2021-06-30,2021,2,2021-Q2,9514948.0,8852118.0,662830.0,83229.0,9598177.0,1721213.0,241390.0,127821.0,84361.86,39.42,0.88,772.46,,18.09,4.25,8.35,-4.1,5.2907,-3.37,Selic_Baixa_4a8pct,Espiral_Inflac_2021-22,False
GOL,Gol Linhas Aéreas Inteligentes S.A.,GOLL4,Aviação,2021-09-30,2021,3,2021-Q3,256890.0,-405940.0,662830.0,12.0,256902.0,,-632018.0,-632626.0,-417533.16,,-162.53,-21056041.67,,0.0,6.25,10.25,-4.0,5.2286,-168.78,Selic_Baixa_4a8pct,Espiral_Inflac_2021-22,False
GOL,Gol Linhas Aéreas Inteligentes S.A.,GOLL4,Aviação,2022-03-31,2022,1,2022-Q1,57996.0,-428262.0,486258.0,0.0,57996.0,756608.0,-521689.0,-522504.0,-344852.64,,-594.61,,,1304.59,11.75,11.3,0.45,5.2299,-606.36,Selic_Mod_8a13pct,Espiral_Inflac_2021-22,False
GOL,Gol Linhas Aéreas Inteligentes S.A.,GOLL4,Aviação,2022-06-30,2022,2,2022-Q2,57996.0,-428262.0,486258.0,591.0,58587.0,822701.0,-1332699.0,-1332753.0,-879616.98,,-1501.39,0.0,,1418.55,13.25,11.89,1.36,4.9266,-1514.64,Selic_Alta_>=13pct,Espiral_Inflac_2021-22,False
GOL,Gol Linhas Aéreas Inteligentes S.A.,GOLL4,Aviação,2022-09-30,2022,3,2022-Q3,57996.0,-428262.0,486258.0,0.0,57996.0,737982.0,-1810287.0,-2085205.0,-1376235.3,,-2372.98,,,1272.47,13.75,7.17,6.58,5.2462,-2386.73,Selic_Alta_>=13pct,Espiral_Inflac_2021-22,False
GOL,Gol Linhas Aéreas Inteligentes S.A.,GOLL4,Aviação,2023-03-31,2023,1,2023-Q1,115781.0,-53254.0,169035.0,0.0,115781.0,954252.0,78135.0,77141.0,50913.06,1.48,43.97,,,824.19,13.75,4.65,9.1,5.1963,30.22,Selic_Alta_>=13pct,Periodo_Normal,False
GOL,Gol Linhas Aéreas Inteligentes S.A.,GOLL4,Aviação,2023-06-30,2023,2,2023-Q2,115781.0,-53254.0,169035.0,0.0,115781.0,964760.0,-114347.0,-114773.0,-75750.18,,-65.43,,,833.26,13.75,3.16,10.59,4.9485,-79.18,Selic_Alta_>=13pct,Periodo_Normal,False
GOL,Gol Linhas Aéreas Inteligentes S.A.,GOLL4,Aviação,2023-09-30,2023,3,2023-Q3,115781.0,-53254.0,169035.0,0.0,115781.0,1002461.0,-67764.0,-74048.0,-48871.68,,-42.21,,,865.83,12.75,5.19,7.56,4.8803,-54.96,Selic_Mod_8a13pct,Periodo_Normal,False
GOL,Gol Linhas Aéreas Inteligentes S.A.,GOLL4,Aviação,2024-03-31,2024,1,2024-Q1,38775.0,-285153.0,323928.0,0.0,38775.0,1177529.0,797989.0,796495.0,525686.7,0.05,1355.74,,,3036.83,10.75,3.93,6.82,4.9515,1344.99,Selic_Mod_8a13pct,Periodo_Normal,False
GOL,Gol Linhas Aéreas Inteligentes S.A.,GOLL4,Aviação,2024-06-30,2024,2,2024-Q2,38775.0,-285153.0,323928.0,0.0,38775.0,1454646.0,1334049.0,1333699.0,880241.34,0.03,2270.13,,,3751.5,10.5,4.23,6.27,5.2129,2259.63,Selic_Mod_8a13pct,Periodo_Normal,False
GOL,Gol Linhas Aéreas Inteligentes S.A.,GOLL4,Aviação,2024-09-30,2024,3,2024-Q3,38775.0,-285153.0,323928.0,0.0,38775.0,616431.0,2713277.0,2158752.0,1424776.32,0.01,3674.47,,,1589.76,10.75,4.42,6.33,5.5454,3663.72,Selic_Mod_8a13pct,Periodo_Normal,False
ITAU,Itaú Unibanco Holding S.A.,ITUB4,Financeiro,2011-03-31,2011,1,2011-Q1,,,,0.0,,329452.0,4505006.0,4478965.0,2956116.9,,,,,,11.75,6.3,5.45,1.6673,,Selic_Mod_8a13pct,Periodo_Normal,False
ITAU,Itaú Unibanco Holding S.A.,ITUB4,Financeiro,2011-06-30,2011,2,2011-Q2,,,,0.0,,821947.0,8925390.0,8869256.0,5853708.96,,,,,,12.25,6.71,5.54,1.5962,,Selic_Mod_8a13pct,Periodo_Normal,False
ITAU,Itaú Unibanco Holding S.A.,ITUB4,Financeiro,2011-09-30,2011,3,2011-Q3,,,,0.0,,42258.0,13990736.0,13935649.0,9197528.34,,,,,,12.0,7.31,4.69,1.6357,,Selic_Mod_8a13pct,Periodo_Normal,False
ITAU,Itaú Unibanco Holding S.A.,ITUB4,Financeiro,2012-03-31,2012,1,2012-Q1,,,,0.0,,618072.0,9547083.0,5167081.0,3410273.46,,,,,,9.75,5.24,4.51,1.7701,,Selic_Mod_8a13pct,Periodo_Normal,False
ITAU,Itaú Unibanco Holding S.A.,ITUB4,Financeiro,2013-03-31,2013,1,2013-Q1,11069000.0,,,238555000.0,249624000.0,855000.0,6215000.0,5333000.0,3519780.0,1.78,1.41,,,7.72,7.25,6.59,0.66,1.9976,-5.84,Selic_Baixa_4a8pct,Periodo_Normal,False
ITAU,Itaú Unibanco Holding S.A.,ITUB4,Financeiro,2013-06-30,2013,2,2013-Q2,11069000.0,,,245031000.0,256100000.0,2913000.0,11122000.0,8707000.0,5746620.0,1.0,2.24,,,26.32,8.0,6.7,1.3,2.0673,-5.76,Selic_Mod_8a13pct,Periodo_Normal,False
ITAU,Itaú Unibanco Holding S.A.,ITUB4,Financeiro,2013-09-30,2013,3,2013-Q3,11069000.0,,,252279000.0,263348000.0,3658000.0,16778000.0,13403000.0,8845980.0,0.66,3.36,,,33.05,9.0,5.86,3.14,2.288,-5.64,Selic_Mod_8a13pct,Periodo_Normal,False
ITAU,Itaú Unibanco Holding S.A.,ITUB4,Financeiro,2014-03-31,2014,1,2014-Q1,11405000.0,,,278208000.0,289613000.0,548000.0,5534000.0,4810000.0,3174600.0,2.06,1.1,,,4.8,10.75,6.15,4.6,2.3652,-9.65,Selic_Mod_8a13pct,Periodo_Normal,False
ITAU,Itaú Unibanco Holding S.A.,ITUB4,Financeiro,2014-06-30,2014,2,2014-Q2,11405000.0,,,277347000.0,288752000.0,2481000.0,12290000.0,8829000.0,5827140.0,0.93,2.02,,,21.75,11.0,6.52,4.48,2.2296,-8.98,Selic_Mod_8a13pct,Periodo_Normal,False
ITAU,Itaú Unibanco Holding S.A.,ITUB4,Financeiro,2014-09-30,2014,3,2014-Q3,11405000.0,,,280975000.0,292380000.0,3485000.0,18044000.0,14872000.0,9815520.0,0.63,3.36,,,30.56,11.0,6.75,4.25,2.2745,-7.64,Selic_Mod_8a13pct,Periodo_Normal,False
ITAU,Itaú Unibanco Holding S.A.,ITUB4,Financeiro,2015-03-31,2015,1,2015-Q1,17350000.0,,,298652000.0,316002000.0,456000.0,15589000.0,7194000.0,4748040.0,1.11,1.5,,,2.63,12.75,8.13,4.62,2.8702,-11.25,Selic_Mod_8a13pct,Recessao_2015-16,False
ITAU,Itaú Unibanco Holding S.A.,ITUB4,Financeiro,2015-06-30,2015,2,2015-Q2,17350000.0,,,280443000.0,297793000.0,248000.0,23556000.0,14564000.0,9612240.0,0.74,3.23,,,1.43,13.75,8.89,4.86,3.0729,-10.52,Selic_Alta_>=13pct,Recessao_2015-16,False
ITAU,Itaú Unibanco Holding S.A.,ITUB4,Financeiro,2015-09-30,2015,3,2015-Q3,17350000.0,,,300729000.0,318079000.0,1256000.0,26120000.0,21336000.0,14081760.0,0.66,4.43,,,7.24,14.25,9.49,4.76,3.538,-9.82,Selic_Alta_>=13pct,Recessao_2015-16,False
ITAU,Itaú Unibanco Holding S.A.,ITUB4,Financeiro,2016-03-31,2016,1,2016-Q1,31071000.0,,,266318000.0,297389000.0,7117000.0,7728000.0,2873000.0,1896180.0,4.02,0.64,,,22.91,14.25,9.39,4.86,3.9022,-13.61,Selic_Alta_>=13pct,Recessao_2015-16,False
ITAU,Itaú Unibanco Holding S.A.,ITUB4,Financeiro,2016-06-30,2016,2,2016-Q2,31071000.0,,,309032000.0,340103000.0,4635000.0,17458000.0,12023000.0,7935180.0,1.78,2.33,,,14.92,14.25,8.84,5.41,3.5076,-11.92,Selic_Alta_>=13pct,Recessao_2015-16,False
ITAU,Itaú Unibanco Holding S.A.,ITUB4,Financeiro,2016-09-30,2016,3,2016-Q3,31071000.0,,,308599000.0,339670000.0,18605000.0,24944000.0,10669000.0,7041540.0,1.25,2.07,,,59.88,14.25,8.48,5.77,3.246,-12.18,Selic_Alta_>=13pct,Recessao_2015-16,False
ITAU,Itaú Unibanco Holding S.A.,ITUB4,Financeiro,2017-03-31,2017,1,2017-Q1,24698000.0,,,324926000.0,349624000.0,4044000.0,11859000.0,10675000.0,7045500.0,2.08,2.02,,,16.37,12.25,4.57,7.68,3.1451,-10.23,Selic_Mod_8a13pct,Periodo_Normal,False
ITAU,Itaú Unibanco Holding S.A.,ITUB4,Financeiro,2017-06-30,2017,2,2017-Q2,24698000.0,,,352327000.0,377025000.0,9370000.0,25734000.0,22964000.0,15156240.0,0.96,4.02,,,37.94,10.25,3.0,7.25,3.2174,-6.23,Selic_Mod_8a13pct,Periodo_Normal,False
ITAU,Itaú Unibanco Holding S.A.,ITUB4,Financeiro,2017-09-30,2017,3,2017-Q3,24698000.0,,,359904000.0,384602000.0,9084000.0,30504000.0,30118000.0,19877880.0,0.81,5.17,,,36.78,8.25,2.54,5.71,3.164,-3.08,Selic_Mod_8a13pct,Periodo_Normal,False
ITAU,Itaú Unibanco Holding S.A.,ITUB4,Financeiro,2018-03-31,2018,1,2018-Q1,26746000.0,,,407948000.0,434694000.0,2373000.0,9885000.0,9509000.0,6275940.0,2.71,1.44,,,8.87,6.5,2.68,3.82,3.2433,-5.06,Selic_Baixa_4a8pct,Periodo_Normal,False
ITAU,Itaú Unibanco Holding S.A.,ITUB4,Financeiro,2018-06-30,2018,2,2018-Q2,26746000.0,,,426595000.0,453341000.0,1446000.0,19774000.0,17076000.0,11270160.0,1.35,2.49,,,5.41,6.5,4.39,2.11,3.6056,-4.01,Selic_Baixa_4a8pct,Periodo_Normal,False
ITAU,Itaú Unibanco Holding S.A.,ITUB4,Financeiro,2018-09-30,2018,3,2018-Q3,26746000.0,,,454552000.0,481298000.0,4119000.0,29697000.0,27365000.0,18060900.0,0.9,3.75,,,15.4,6.5,4.53,1.97,3.9505,-2.75,Selic_Baixa_4a8pct,Periodo_Normal,False
ITAU,Itaú Unibanco Holding S.A.,ITUB4,Financeiro,2019-03-31,2019,1,2019-Q1,27519000.0,,,461487000.0,489006000.0,1427000.0,10632000.0,9563000.0,6311580.0,2.59,1.29,,,5.19,6.5,4.58,1.92,3.7684,-5.21,Selic_Baixa_4a8pct,Periodo_Normal,False
ITAU,Itaú Unibanco Holding S.A.,ITUB4,Financeiro,2019-06-30,2019,2,2019-Q2,27519000.0,,,463259000.0,490778000.0,4780000.0,19079000.0,11938000.0,7879080.0,1.44,1.61,,,17.37,6.5,3.37,3.13,3.9221,-4.89,Selic_Baixa_4a8pct,Periodo_Normal,False
ITAU,Itaú Unibanco Holding S.A.,ITUB4,Financeiro,2019-09-30,2019,3,2019-Q3,27519000.0,,,490838000.0,518357000.0,3396000.0,22648000.0,20230000.0,13351800.0,1.22,2.58,,,12.34,5.5,2.89,2.61,3.9684,-2.92,Selic_Baixa_4a8pct,Periodo_Normal,False
ITAU,Itaú Unibanco Holding S.A.,ITUB4,Financeiro,2020-03-31,2020,1,2020-Q1,47828000.0,,,606750000.0,654578000.0,966000.0,10996000.0,9538000.0,6295080.0,4.35,0.96,,,2.02,3.75,3.3,0.45,4.4657,-2.79,Selic_Minima_<4pct,Pandemia_2020,False
ITAU,Itaú Unibanco Holding S.A.,ITUB4,Financeiro,2020-06-30,2020,2,2020-Q2,47828000.0,,,727197000.0,775025000.0,1439000.0,26348000.0,19129000.0,12625140.0,1.82,1.63,,,3.01,2.25,2.13,0.12,5.3854,-0.62,Selic_Minima_<4pct,Pandemia_2020,False
ITAU,Itaú Unibanco Holding S.A.,ITUB4,Financeiro,2020-09-30,2020,3,2020-Q3,47828000.0,,,765019000.0,812847000.0,3462000.0,24639000.0,23424000.0,15459840.0,1.94,1.9,,,7.24,2.0,3.14,-1.14,5.3772,-0.1,Selic_Minima_<4pct,Pandemia_2020,False
ITAU,Itaú Unibanco Holding S.A.,ITUB4,Financeiro,2021-03-31,2021,1,2021-Q1,79505000.0,,,821379000.0,900884000.0,17013000.0,844000.0,-9287000.0,-6129420.0,94.2,-0.68,,,21.4,2.75,6.1,-3.35,5.4833,-3.43,Selic_Minima_<4pct,Espiral_Inflac_2021-22,False
ITAU,Itaú Unibanco Holding S.A.,ITUB4,Financeiro,2021-06-30,2021,2,2021-Q2,79505000.0,,,793501000.0,873006000.0,21905000.0,2577000.0,-13522000.0,-8924520.0,30.85,-1.02,,,27.55,4.25,8.35,-4.1,5.2907,-5.27,Selic_Baixa_4a8pct,Espiral_Inflac_2021-22,False
ITAU,Itaú Unibanco Holding S.A.,ITUB4,Financeiro,2021-09-30,2021,3,2021-Q3,79505000.0,,,818734000.0,898239000.0,24297000.0,7191000.0,-8661000.0,-5716260.0,11.06,-0.64,,,30.56,6.25,10.25,-4.0,5.2286,-6.89,Selic_Baixa_4a8pct,Espiral_Inflac_2021-22,False
ITAU,Itaú Unibanco Holding S.A.,ITUB4,Financeiro,2022-03-31,2022,1,2022-Q1,0.0,,,807043000.0,807043000.0,1020000.0,20644000.0,8538000.0,5635080.0,0.0,0.7,,,,11.75,11.3,0.45,5.2299,-11.05,Selic_Mod_8a13pct,Espiral_Inflac_2021-22,False
ITAU,Itaú Unibanco Holding S.A.,ITUB4,Financeiro,2022-06-30,2022,2,2022-Q2,63204000.0,,,828693000.0,891897000.0,3265000.0,26308000.0,22523000.0,14865180.0,2.4,1.67,,,5.17,13.25,11.89,1.36,4.9266,-11.58,Selic_Alta_>=13pct,Espiral_Inflac_2021-22,False
ITAU,Itaú Unibanco Holding S.A.,ITUB4,Financeiro,2022-09-30,2022,3,2022-Q3,63204000.0,,,843974000.0,907178000.0,4120000.0,34423000.0,31959000.0,21092940.0,1.84,2.33,,,6.52,13.75,7.17,6.58,5.2462,-11.42,Selic_Alta_>=13pct,Espiral_Inflac_2021-22,False
ITAU,Itaú Unibanco Holding S.A.,ITUB4,Financeiro,2023-03-31,2023,1,2023-Q1,76861000.0,,,914834000.0,991695000.0,75000.0,20707000.0,9162000.0,6046920.0,3.71,0.61,,,0.1,13.75,4.65,9.1,5.1963,-13.14,Selic_Alta_>=13pct,Periodo_Normal,False
ITAU,Itaú Unibanco Holding S.A.,ITUB4,Financeiro,2023-06-30,2023,2,2023-Q2,76861000.0,,,923281000.0,1000142000.0,277000.0,49669000.0,19054000.0,12575640.0,1.55,1.26,,,0.36,13.75,3.16,10.59,4.9485,-12.49,Selic_Alta_>=13pct,Periodo_Normal,False
ITAU,Itaú Unibanco Holding S.A.,ITUB4,Financeiro,2023-09-30,2023,3,2023-Q3,76861000.0,,,932284000.0,1009145000.0,859000.0,62699000.0,28636000.0,18899760.0,1.23,1.87,,,1.12,12.75,5.19,7.56,4.8803,-10.88,Selic_Mod_8a13pct,Periodo_Normal,False
ITAU,Itaú Unibanco Holding S.A.,ITUB4,Financeiro,2024-03-31,2024,1,2024-Q1,0.0,,,965331000.0,965331000.0,1542000.0,15010000.0,8237000.0,5436420.0,0.0,0.56,,,,10.75,3.93,6.82,4.9515,-10.19,Selic_Mod_8a13pct,Periodo_Normal,False
ITAU,Itaú Unibanco Holding S.A.,ITUB4,Financeiro,2024-06-30,2024,2,2024-Q2,,,,1017165000.0,,3151000.0,28260000.0,19144000.0,12635040.0,,,,,,10.5,4.23,6.27,5.2129,,Selic_Mod_8a13pct,Periodo_Normal,False
ITAU,Itaú Unibanco Holding S.A.,ITUB4,Financeiro,2024-09-30,2024,3,2024-Q3,,,,1020490000.0,,4373000.0,39970000.0,29617000.0,19547220.0,,,,,,10.75,4.42,6.33,5.5454,,Selic_Mod_8a13pct,Periodo_Normal,False
JBS,JBS S.A.,JBSS3,Alimentos / Proteína Animal,2011-03-31,2011,1,2011-Q1,6047856.0,4171190.0,1876666.0,0.0,6047856.0,480920.0,463299.0,451053.0,297694.98,13.05,4.92,,,7.95,11.75,6.3,5.45,1.6673,-6.83,Selic_Mod_8a13pct,Periodo_Normal,False
JBS,JBS S.A.,JBSS3,Alimentos / Proteína Animal,2011-06-30,2011,2,2011-Q2,5932413.0,4055747.0,1876666.0,985943.0,6918356.0,1145930.0,1154321.0,1142075.0,753769.5,5.14,10.9,-18.33,,19.32,12.25,6.71,5.54,1.5962,-1.35,Selic_Mod_8a13pct,Periodo_Normal,False
JBS,JBS S.A.,JBSS3,Alimentos / Proteína Animal,2011-09-30,2011,3,2011-Q3,7229783.0,5353117.0,1876666.0,985943.0,8215726.0,2048115.0,1808344.0,1796098.0,1185424.68,4.0,14.43,-6.85,,28.33,12.0,7.31,4.69,1.6357,2.43,Selic_Mod_8a13pct,Periodo_Normal,False
JBS,JBS S.A.,JBSS3,Alimentos / Proteína Animal,2012-03-31,2012,1,2012-Q1,6815223.0,4567304.0,2247919.0,0.0,6815223.0,696713.0,834451.0,523290.0,345371.4,8.17,5.07,,,10.22,9.75,5.24,4.51,1.7701,-4.68,Selic_Mod_8a13pct,Periodo_Normal,False
JBS,JBS S.A.,JBSS3,Alimentos / Proteína Animal,2012-06-30,2012,2,2012-Q2,7284899.0,5036980.0,2247919.0,0.0,7284899.0,1701093.0,1417831.0,796484.0,525679.44,5.14,7.22,,,23.35,8.5,4.92,3.58,1.9641,-1.28,Selic_Mod_8a13pct,Periodo_Normal,False
JBS,JBS S.A.,JBSS3,Alimentos / Proteína Animal,2012-09-30,2012,3,2012-Q3,7098410.0,4850491.0,2247919.0,0.0,7098410.0,2173921.0,2177781.0,1239250.0,817905.0,3.26,11.52,,,30.63,7.5,5.28,2.22,2.0288,4.02,Selic_Baixa_4a8pct,Periodo_Normal,False
JBS,JBS S.A.,JBSS3,Alimentos / Proteína Animal,2013-03-31,2013,1,2013-Q1,8298355.0,6349125.0,1949230.0,0.0,8298355.0,597281.0,682468.0,397425.0,262300.5,12.16,3.16,,3.88,7.2,7.25,6.59,0.66,1.9976,-4.09,Selic_Baixa_4a8pct,Periodo_Normal,False
JBS,JBS S.A.,JBSS3,Alimentos / Proteína Animal,2013-06-30,2013,2,2013-Q2,10409821.0,8460591.0,1949230.0,0.0,10409821.0,1441274.0,1689073.0,1085796.0,716625.36,6.16,6.88,,5.0,13.85,8.0,6.7,1.3,2.0673,-1.12,Selic_Mod_8a13pct,Periodo_Normal,False
JBS,JBS S.A.,JBSS3,Alimentos / Proteína Animal,2013-09-30,2013,3,2013-Q3,13258542.0,11309312.0,1949230.0,0.0,13258542.0,2113706.0,3209993.0,2046036.0,1350383.76,4.13,10.19,,2.81,15.94,9.0,5.86,3.14,2.288,1.19,Selic_Mod_8a13pct,Periodo_Normal,False
JBS,JBS S.A.,JBSS3,Alimentos / Proteína Animal,2014-03-31,2014,1,2014-Q1,15541394.0,10828025.0,4713369.0,0.0,15541394.0,699369.0,450953.0,449289.0,296530.74,34.46,1.91,,0.84,4.5,10.75,6.15,4.6,2.3652,-8.84,Selic_Mod_8a13pct,Periodo_Normal,False
JBS,JBS S.A.,JBSS3,Alimentos / Proteína Animal,2014-06-30,2014,2,2014-Q2,16635476.0,11922107.0,4713369.0,0.0,16635476.0,2475370.0,1765858.0,1739795.0,1148264.7,9.42,6.9,,2.84,14.88,11.0,6.52,4.48,2.2296,-4.1,Selic_Mod_8a13pct,Periodo_Normal,False
JBS,JBS S.A.,JBSS3,Alimentos / Proteína Animal,2014-09-30,2014,3,2014-Q3,19015012.0,14301643.0,4713369.0,0.0,19015012.0,4712757.0,4340582.0,2936962.0,1938394.92,4.38,10.19,,11.29,24.78,11.0,6.75,4.25,2.2745,-0.81,Selic_Mod_8a13pct,Periodo_Normal,False
JBS,JBS S.A.,JBSS3,Alimentos / Proteína Animal,2015-03-31,2015,1,2015-Q1,25511409.0,17142881.0,8368528.0,211879.0,25723288.0,2032717.0,1133725.0,1129032.0,745161.12,22.5,2.9,657.79,12.8,7.97,12.75,8.13,4.62,2.8702,-9.85,Selic_Mod_8a13pct,Recessao_2015-16,False
JBS,JBS S.A.,JBSS3,Alimentos / Proteína Animal,2015-06-30,2015,2,2015-Q2,24385370.0,16016842.0,8368528.0,0.0,24385370.0,3821621.0,2975604.0,2964039.0,1956265.74,8.2,8.02,,0.71,15.67,13.75,8.89,4.86,3.0729,-5.73,Selic_Alta_>=13pct,Recessao_2015-16,False
JBS,JBS S.A.,JBSS3,Alimentos / Proteína Animal,2015-09-30,2015,3,2015-Q3,28846315.0,20477787.0,8368528.0,0.0,28846315.0,4907861.0,5778933.0,5759120.0,3801019.2,4.99,13.18,,25.84,17.01,14.25,9.49,4.76,3.538,-1.07,Selic_Alta_>=13pct,Recessao_2015-16,False
JBS,JBS S.A.,JBSS3,Alimentos / Proteína Animal,2016-03-31,2016,1,2016-Q1,29674545.0,18898390.0,10776155.0,0.0,29674545.0,4634511.0,2029681.0,2005551.0,1323663.66,14.62,4.46,,,15.62,14.25,9.39,4.86,3.9022,-9.79,Selic_Alta_>=13pct,Recessao_2015-16,False
JBS,JBS S.A.,JBSS3,Alimentos / Proteína Animal,2016-06-30,2016,2,2016-Q2,27971667.0,17195512.0,10776155.0,0.0,27971667.0,5194954.0,4765320.0,4733525.0,3124126.5,5.87,11.17,,,18.57,14.25,8.84,5.41,3.5076,-3.08,Selic_Alta_>=13pct,Recessao_2015-16,False
JBS,JBS S.A.,JBSS3,Alimentos / Proteína Animal,2016-09-30,2016,3,2016-Q3,26850423.0,16074268.0,10776155.0,0.0,26850423.0,12264630.0,7667697.0,7619424.0,5028819.84,3.5,18.73,,,45.68,14.25,8.48,5.77,3.246,4.48,Selic_Alta_>=13pct,Recessao_2015-16,False
JBS,JBS S.A.,JBSS3,Alimentos / Proteína Animal,2017-03-31,2017,1,2017-Q1,26688681.0,21079759.0,5608922.0,0.0,26688681.0,6865290.0,919742.0,919447.0,606835.02,29.02,2.27,,,25.72,12.25,4.57,7.68,3.1451,-9.98,Selic_Mod_8a13pct,Periodo_Normal,False
JBS,JBS S.A.,JBSS3,Alimentos / Proteína Animal,2017-06-30,2017,2,2017-Q2,26432786.0,20823864.0,5608922.0,0.0,26432786.0,8747975.0,2633756.0,2628112.0,1734553.92,10.04,6.56,,,33.1,10.25,3.0,7.25,3.2174,-3.69,Selic_Mod_8a13pct,Periodo_Normal,False
JBS,JBS S.A.,JBSS3,Alimentos / Proteína Animal,2017-09-30,2017,3,2017-Q3,23982215.0,18373293.0,5608922.0,0.0,23982215.0,9783102.0,4717815.0,4703857.0,3104545.62,5.08,12.95,,,40.79,8.25,2.54,5.71,3.164,4.7,Selic_Mod_8a13pct,Periodo_Normal,False
JBS,JBS S.A.,JBSS3,Alimentos / Proteína Animal,2018-03-31,2018,1,2018-Q1,20977951.0,15093145.0,5884806.0,0.0,20977951.0,936269.0,1053321.0,1051506.0,693993.96,19.92,3.31,,,4.46,6.5,2.68,3.82,3.2433,-3.19,Selic_Baixa_4a8pct,Periodo_Normal,False
JBS,JBS S.A.,JBSS3,Alimentos / Proteína Animal,2018-06-30,2018,2,2018-Q2,23318269.0,17433463.0,5884806.0,0.0,23318269.0,3434840.0,3689721.0,3681797.0,2429986.02,6.32,10.42,,-15.56,14.73,6.5,4.39,2.11,3.6056,3.92,Selic_Baixa_4a8pct,Periodo_Normal,False
JBS,JBS S.A.,JBSS3,Alimentos / Proteína Animal,2018-09-30,2018,3,2018-Q3,21128055.0,15243249.0,5884806.0,0.0,21128055.0,5458948.0,4952022.0,4934823.0,3256983.18,4.27,15.42,,-2.28,25.84,6.5,4.53,1.97,3.9505,8.92,Selic_Baixa_4a8pct,Periodo_Normal,False
JBS,JBS S.A.,JBSS3,Alimentos / Proteína Animal,2019-03-31,2019,1,2019-Q1,18370480.0,14371558.0,3998922.0,0.0,18370480.0,1164558.0,1582970.0,1575920.0,1040107.2,11.61,5.66,,22.13,6.34,6.5,4.58,1.92,3.7684,-0.84,Selic_Baixa_4a8pct,Periodo_Normal,False
JBS,JBS S.A.,JBSS3,Alimentos / Proteína Animal,2019-06-30,2019,2,2019-Q2,16754982.0,12756060.0,3998922.0,0.0,16754982.0,6098007.0,4524701.0,4508507.0,2975614.62,3.7,17.76,,44.23,36.4,6.5,3.37,3.13,3.9221,11.26,Selic_Baixa_4a8pct,Periodo_Normal,False
JBS,JBS S.A.,JBSS3,Alimentos / Proteína Animal,2019-09-30,2019,3,2019-Q3,11512910.0,7513988.0,3998922.0,0.0,11512910.0,8304373.0,5307388.0,5285520.0,3488443.2,2.17,30.3,,7.23,72.13,5.5,2.89,2.61,3.9684,24.8,Selic_Baixa_4a8pct,Periodo_Normal,False
JBS,JBS S.A.,JBSS3,Alimentos / Proteína Animal,2020-03-31,2020,1,2020-Q1,15732898.0,10973242.0,4759656.0,0.0,15732898.0,1419406.0,1718370.0,1710972.0,1129241.52,9.16,7.18,,-112.49,9.02,3.75,3.3,0.45,4.4657,3.43,Selic_Minima_<4pct,Pandemia_2020,False
JBS,JBS S.A.,JBSS3,Alimentos / Proteína Animal,2020-06-30,2020,2,2020-Q2,16817599.0,12057943.0,4759656.0,0.0,16817599.0,2675417.0,5218335.0,5203934.0,3434596.44,3.22,20.42,,64.07,15.91,2.25,2.13,0.12,5.3854,18.17,Selic_Minima_<4pct,Pandemia_2020,False
JBS,JBS S.A.,JBSS3,Alimentos / Proteína Animal,2020-09-30,2020,3,2020-Q3,14075083.0,9315427.0,4759656.0,0.0,14075083.0,6732348.0,9473039.0,9446195.0,6234488.7,1.49,44.29,,59.4,47.83,2.0,3.14,-1.14,5.3772,42.29,Selic_Minima_<4pct,Pandemia_2020,False
JBS,JBS S.A.,JBSS3,Alimentos / Proteína Animal,2021-03-31,2021,1,2021-Q1,6164656.0,-9331914.0,15496570.0,0.0,6164656.0,9464382.0,2314294.0,2301189.0,1518784.74,2.66,24.64,,48.9,153.53,2.75,6.1,-3.35,5.4833,21.89,Selic_Minima_<4pct,Espiral_Inflac_2021-22,False
JBS,JBS S.A.,JBSS3,Alimentos / Proteína Animal,2021-06-30,2021,2,2021-Q2,8100495.0,-11579248.0,19679743.0,0.0,8100495.0,12794542.0,10763953.0,10745919.0,7092306.54,0.75,87.55,,,157.95,4.25,8.35,-4.1,5.2907,83.3,Selic_Baixa_4a8pct,Espiral_Inflac_2021-22,False
JBS,JBS S.A.,JBSS3,Alimentos / Proteína Animal,2021-09-30,2021,3,2021-Q3,10664906.0,-9014837.0,19679743.0,0.0,10664906.0,14205751.0,15832505.0,15792555.0,10423086.3,0.67,97.73,,,133.2,6.25,10.25,-4.0,5.2286,91.48,Selic_Baixa_4a8pct,Espiral_Inflac_2021-22,False
JBS,JBS S.A.,JBSS3,Alimentos / Proteína Animal,2022-03-31,2022,1,2022-Q1,8723027.0,-8558729.0,17281756.0,0.0,8723027.0,1506108.0,4681684.0,4654973.0,3072282.18,1.86,35.22,,,17.27,11.75,11.3,0.45,5.2299,23.47,Selic_Mod_8a13pct,Espiral_Inflac_2021-22,False
JBS,JBS S.A.,JBSS3,Alimentos / Proteína Animal,2022-06-30,2022,2,2022-Q2,10990659.0,-8339774.0,19330433.0,0.0,10990659.0,3480965.0,12087392.0,12048512.0,7952017.92,0.91,72.35,,,31.67,13.25,11.89,1.36,4.9266,59.1,Selic_Alta_>=13pct,Espiral_Inflac_2021-22,False
JBS,JBS S.A.,JBSS3,Alimentos / Proteína Animal,2022-09-30,2022,3,2022-Q3,8850651.0,-7814477.0,16665128.0,0.0,8850651.0,5309358.0,23044601.0,22973115.0,15162255.9,0.38,171.31,,,59.99,13.75,7.17,6.58,5.2462,157.56,Selic_Alta_>=13pct,Espiral_Inflac_2021-22,False
JBS,JBS S.A.,JBSS3,Alimentos / Proteína Animal,2023-03-31,2023,1,2023-Q1,9483516.0,518842.0,8964674.0,0.0,9483516.0,3124518.0,7438347.0,7423186.0,4899302.76,1.27,51.66,,,32.95,13.75,4.65,9.1,5.1963,37.91,Selic_Alta_>=13pct,Periodo_Normal,False
JBS,JBS S.A.,JBSS3,Alimentos / Proteína Animal,2023-06-30,2023,2,2023-Q2,10697029.0,-2041683.0,12738712.0,0.0,10697029.0,5949868.0,15177955.0,15141928.0,9993672.48,0.7,93.42,,,55.62,13.75,3.16,10.59,4.9485,79.67,Selic_Alta_>=13pct,Periodo_Normal,False
JBS,JBS S.A.,JBSS3,Alimentos / Proteína Animal,2023-09-30,2023,3,2023-Q3,8613460.0,-18176364.0,26789824.0,0.0,8613460.0,8088931.0,22200283.0,22149455.0,14618640.3,0.39,169.72,,,93.91,12.75,5.19,7.56,4.8803,156.97,Selic_Mod_8a13pct,Periodo_Normal,False
JBS,JBS S.A.,JBSS3,Alimentos / Proteína Animal,2024-03-31,2024,1,2024-Q1,324908.0,-16152523.0,16477431.0,0.0,324908.0,2185571.0,-580366.0,-594784.0,-392557.44,,-120.82,,,672.67,10.75,3.93,6.82,4.9515,-131.57,Selic_Mod_8a13pct,Periodo_Normal,False
JBS,JBS S.A.,JBSS3,Alimentos / Proteína Animal,2024-06-30,2024,2,2024-Q2,1473879.0,-19040139.0,20514018.0,0.0,1473879.0,4339537.0,974433.0,945007.0,623704.62,1.51,42.32,,,294.43,10.5,4.23,6.27,5.2129,31.82,Selic_Mod_8a13pct,Periodo_Normal,False
JBS,JBS S.A.,JBSS3,Alimentos / Proteína Animal,2024-09-30,2024,3,2024-Q3,6114793.0,-21507372.0,27622165.0,0.0,6114793.0,6780820.0,3624267.0,3575180.0,2359618.8,1.69,38.59,,,110.89,10.75,4.42,6.33,5.5454,27.84,Selic_Mod_8a13pct,Periodo_Normal,False
PETROBRAS,Petróleo Brasileiro S.A. — Petrobras,PETR4,Óleo e Gás,2011-03-31,2011,1,2011-Q1,73277546.0,69858821.0,3418725.0,0.0,73277546.0,717834.0,11508342.0,11437769.0,7548927.54,6.37,10.3,,55.89,0.98,11.75,6.3,5.45,1.6673,-1.45,Selic_Mod_8a13pct,Periodo_Normal,False
PETROBRAS,Petróleo Brasileiro S.A. — Petrobras,PETR4,Óleo e Gás,2011-06-30,2011,2,2011-Q2,73185174.0,70098704.0,3086470.0,0.0,73185174.0,336569.0,23622284.0,23509903.0,15516535.98,3.1,21.2,,44.13,0.46,12.25,6.71,5.54,1.5962,8.95,Selic_Mod_8a13pct,Periodo_Normal,False
PETROBRAS,Petróleo Brasileiro S.A. — Petrobras,PETR4,Óleo e Gás,2011-09-30,2011,3,2011-Q3,86408311.0,82738474.0,3669837.0,0.0,86408311.0,557923.0,35090262.0,34412644.0,22712345.04,2.46,26.28,,29.62,0.65,12.0,7.31,4.69,1.6357,14.28,Selic_Mod_8a13pct,Periodo_Normal,False
PETROBRAS,Petróleo Brasileiro S.A. — Petrobras,PETR4,Óleo e Gás,2012-03-31,2012,1,2012-Q1,101559172.0,98424111.0,3135061.0,0.0,101559172.0,864641.0,12933774.0,12728835.0,8401031.1,7.85,8.27,,51.22,0.85,9.75,5.24,4.51,1.7701,-1.48,Selic_Mod_8a13pct,Periodo_Normal,False
PETROBRAS,Petróleo Brasileiro S.A. — Petrobras,PETR4,Óleo e Gás,2012-06-30,2012,2,2012-Q2,113403805.0,111294518.0,2109287.0,0.0,113403805.0,871892.0,25561920.0,24888147.0,16426177.02,4.44,14.48,,-6.85,0.77,8.5,4.92,3.58,1.9641,5.98,Selic_Mod_8a13pct,Periodo_Normal,False
PETROBRAS,Petróleo Brasileiro S.A. — Petrobras,PETR4,Óleo e Gás,2012-09-30,2012,3,2012-Q3,118480324.0,116109616.0,2370708.0,0.0,118480324.0,1095464.0,37025849.0,36643537.0,24184734.42,3.2,20.41,,33.95,0.92,7.5,5.28,2.22,2.0288,12.91,Selic_Baixa_4a8pct,Periodo_Normal,False
PETROBRAS,Petróleo Brasileiro S.A. — Petrobras,PETR4,Óleo e Gás,2013-03-31,2013,1,2013-Q1,127591880.0,125675712.0,1916168.0,0.0,127591880.0,1198555.0,12120538.0,11907080.0,7858672.8,10.53,6.16,,40.43,0.94,7.25,6.59,0.66,1.9976,-1.09,Selic_Baixa_4a8pct,Periodo_Normal,False
PETROBRAS,Petróleo Brasileiro S.A. — Petrobras,PETR4,Óleo e Gás,2013-06-30,2013,2,2013-Q2,174456587.0,171942245.0,2514342.0,0.0,174456587.0,1280149.0,17074503.0,16762998.0,11063578.68,10.22,6.34,,28.83,0.73,8.0,6.7,1.3,2.0673,-1.66,Selic_Mod_8a13pct,Periodo_Normal,False
PETROBRAS,Petróleo Brasileiro S.A. — Petrobras,PETR4,Óleo e Gás,2013-09-30,2013,3,2013-Q3,181088506.0,178823005.0,2265501.0,0.0,181088506.0,1240544.0,25798160.0,25555684.0,16866751.44,7.02,9.31,,18.32,0.69,9.0,5.86,3.14,2.288,0.31,Selic_Mod_8a13pct,Periodo_Normal,False
PETROBRAS,Petróleo Brasileiro S.A. — Petrobras,PETR4,Óleo e Gás,2014-03-31,2014,1,2014-Q1,0.0,-37171824.0,37171824.0,0.0,0.0,1847732.0,16388317.0,10005903.0,6603895.98,0.0,inf,,,,10.75,6.15,4.6,2.3652,inf,Selic_Mod_8a13pct,Periodo_Normal,False
PETROBRAS,Petróleo Brasileiro S.A. — Petrobras,PETR4,Óleo e Gás,2014-06-30,2014,2,2014-Q2,0.0,-37172000.0,37172000.0,0.0,0.0,2243000.0,22048000.0,21502000.0,14191320.0,0.0,inf,,,,11.0,6.52,4.48,2.2296,inf,Selic_Mod_8a13pct,Periodo_Normal,False
PETROBRAS,Petróleo Brasileiro S.A. — Petrobras,PETR4,Óleo e Gás,2014-09-30,2014,3,2014-Q3,0.0,-37172000.0,37172000.0,0.0,0.0,2282000.0,28528000.0,27489000.0,18142740.0,0.0,inf,,,,11.0,6.75,4.25,2.2745,inf,Selic_Mod_8a13pct,Periodo_Normal,False
PETROBRAS,Petróleo Brasileiro S.A. — Petrobras,PETR4,Óleo e Gás,2015-03-31,2015,1,2015-Q1,0.0,-44239000.0,44239000.0,0.0,0.0,3691000.0,8285000.0,7763000.0,5123580.0,0.0,inf,,,,12.75,8.13,4.62,2.8702,inf,Selic_Mod_8a13pct,Recessao_2015-16,False
PETROBRAS,Petróleo Brasileiro S.A. — Petrobras,PETR4,Óleo e Gás,2015-06-30,2015,2,2015-Q2,0.0,-44239000.0,44239000.0,0.0,0.0,5561000.0,17363000.0,16570000.0,10936200.0,0.0,inf,,,,13.75,8.89,4.86,3.0729,inf,Selic_Alta_>=13pct,Recessao_2015-16,False
PETROBRAS,Petróleo Brasileiro S.A. — Petrobras,PETR4,Óleo e Gás,2015-09-30,2015,3,2015-Q3,0.0,-44239000.0,44239000.0,0.0,0.0,6403000.0,12711000.0,11720000.0,7735200.0,0.0,inf,,,,14.25,9.49,4.76,3.538,inf,Selic_Alta_>=13pct,Recessao_2015-16,False
PETROBRAS,Petróleo Brasileiro S.A. — Petrobras,PETR4,Óleo e Gás,2016-03-31,2016,1,2016-Q1,0.0,-97845000.0,97845000.0,0.0,0.0,6146000.0,21688000.0,13172000.0,8693520.0,0.0,inf,,,,14.25,9.39,4.86,3.9022,inf,Selic_Alta_>=13pct,Recessao_2015-16,False
PETROBRAS,Petróleo Brasileiro S.A. — Petrobras,PETR4,Óleo e Gás,2016-06-30,2016,2,2016-Q2,0.0,-97845000.0,97845000.0,0.0,0.0,6138000.0,40345000.0,22801000.0,15048660.0,0.0,inf,,,,14.25,8.84,5.41,3.5076,inf,Selic_Alta_>=13pct,Recessao_2015-16,False
PETROBRAS,Petróleo Brasileiro S.A. — Petrobras,PETR4,Óleo e Gás,2016-09-30,2016,3,2016-Q3,0.0,-97845000.0,97845000.0,0.0,0.0,6171000.0,56051000.0,29046000.0,19170360.0,0.0,inf,,,,14.25,8.48,5.77,3.246,inf,Selic_Alta_>=13pct,Recessao_2015-16,False
PETROBRAS,Petróleo Brasileiro S.A. — Petrobras,PETR4,Óleo e Gás,2017-03-31,2017,1,2017-Q1,0.0,-69108000.0,69108000.0,0.0,0.0,5945000.0,21185000.0,8536000.0,5633760.0,0.0,inf,,,,12.25,4.57,7.68,3.1451,inf,Selic_Mod_8a13pct,Periodo_Normal,False
PETROBRAS,Petróleo Brasileiro S.A. — Petrobras,PETR4,Óleo e Gás,2017-06-30,2017,2,2017-Q2,0.0,-69108000.0,69108000.0,0.0,0.0,6868000.0,40716000.0,16118000.0,10637880.0,0.0,inf,,,,10.25,3.0,7.25,3.2174,inf,Selic_Mod_8a13pct,Periodo_Normal,False
PETROBRAS,Petróleo Brasileiro S.A. — Petrobras,PETR4,Óleo e Gás,2017-09-30,2017,3,2017-Q3,0.0,-69108000.0,69108000.0,0.0,0.0,5231000.0,43260000.0,5946000.0,3924360.0,0.0,inf,,,,8.25,2.54,5.71,3.164,inf,Selic_Mod_8a13pct,Periodo_Normal,False
PETROBRAS,Petróleo Brasileiro S.A. — Petrobras,PETR4,Óleo e Gás,2018-03-31,2018,1,2018-Q1,0.0,-74494000.0,74494000.0,0.0,0.0,5850000.0,25648000.0,14882000.0,9822120.0,0.0,inf,,,,6.5,2.68,3.82,3.2433,inf,Selic_Baixa_4a8pct,Periodo_Normal,False
PETROBRAS,Petróleo Brasileiro S.A. — Petrobras,PETR4,Óleo e Gás,2018-06-30,2018,2,2018-Q2,0.0,-74494000.0,74494000.0,0.0,0.0,5346000.0,51635000.0,30487000.0,20121420.0,0.0,inf,,,,6.5,4.39,2.11,3.6056,inf,Selic_Baixa_4a8pct,Periodo_Normal,False
PETROBRAS,Petróleo Brasileiro S.A. — Petrobras,PETR4,Óleo e Gás,2018-09-30,2018,3,2018-Q3,0.0,-74494000.0,74494000.0,0.0,0.0,4752000.0,70736000.0,38703000.0,25543980.0,0.0,inf,,,,6.5,4.53,1.97,3.9505,inf,Selic_Baixa_4a8pct,Periodo_Normal,False
PETROBRAS,Petróleo Brasileiro S.A. — Petrobras,PETR4,Óleo e Gás,2019-03-31,2019,1,2019-Q1,0.0,-53854000.0,53854000.0,0.0,0.0,6807000.0,29383000.0,18326000.0,12095160.0,0.0,inf,,,,6.5,4.58,1.92,3.7684,inf,Selic_Baixa_4a8pct,Periodo_Normal,False
PETROBRAS,Petróleo Brasileiro S.A. — Petrobras,PETR4,Óleo e Gás,2019-06-30,2019,2,2019-Q2,0.0,-53854000.0,53854000.0,0.0,0.0,6240000.0,56500000.0,34693000.0,22897380.0,0.0,inf,,,,6.5,3.37,3.13,3.9221,inf,Selic_Baixa_4a8pct,Periodo_Normal,False
PETROBRAS,Petróleo Brasileiro S.A. — Petrobras,PETR4,Óleo e Gás,2019-09-30,2019,3,2019-Q3,0.0,-53854000.0,53854000.0,0.0,0.0,9623000.0,83680000.0,51275000.0,33841500.0,0.0,inf,,,,5.5,2.89,2.61,3.9684,inf,Selic_Baixa_4a8pct,Periodo_Normal,False
PETROBRAS,Petróleo Brasileiro S.A. — Petrobras,PETR4,Óleo e Gás,2020-03-31,2020,1,2020-Q1,0.0,-29714000.0,29714000.0,0.0,0.0,7416000.0,27902000.0,14026000.0,9257160.0,0.0,inf,,,,3.75,3.3,0.45,4.4657,inf,Selic_Minima_<4pct,Pandemia_2020,False
PETROBRAS,Petróleo Brasileiro S.A. — Petrobras,PETR4,Óleo e Gás,2020-06-30,2020,2,2020-Q2,0.0,-29714000.0,29714000.0,0.0,0.0,6098000.0,81835000.0,53263000.0,35153580.0,0.0,inf,,,,2.25,2.13,0.12,5.3854,inf,Selic_Minima_<4pct,Pandemia_2020,False
PETROBRAS,Petróleo Brasileiro S.A. — Petrobras,PETR4,Óleo e Gás,2020-09-30,2020,3,2020-Q3,0.0,-29714000.0,29714000.0,0.0,0.0,9778000.0,111123000.0,67566000.0,44593560.0,0.0,inf,,,,2.0,3.14,-1.14,5.3772,inf,Selic_Minima_<4pct,Pandemia_2020,False
PETROBRAS,Petróleo Brasileiro S.A. — Petrobras,PETR4,Óleo e Gás,2021-03-31,2021,1,2021-Q1,0.0,-60856000.0,60856000.0,0.0,0.0,6613000.0,-29682000.0,-45440000.0,-29990400.0,,-inf,,,,2.75,6.1,-3.35,5.4833,-inf,Selic_Minima_<4pct,Espiral_Inflac_2021-22,False
PETROBRAS,Petróleo Brasileiro S.A. — Petrobras,PETR4,Óleo e Gás,2021-06-30,2021,2,2021-Q2,0.0,-60856000.0,60856000.0,0.0,0.0,9871000.0,-5687000.0,-36420000.0,-24037200.0,,-inf,,,,4.25,8.35,-4.1,5.2907,-inf,Selic_Baixa_4a8pct,Espiral_Inflac_2021-22,False
PETROBRAS,Petróleo Brasileiro S.A. — Petrobras,PETR4,Óleo e Gás,2021-09-30,2021,3,2021-Q3,0.0,-60856000.0,60856000.0,0.0,0.0,6237000.0,27815000.0,-18388000.0,-12136080.0,0.0,-inf,,,,6.25,10.25,-4.0,5.2286,-inf,Selic_Baixa_4a8pct,Espiral_Inflac_2021-22,False
PETROBRAS,Petróleo Brasileiro S.A. — Petrobras,PETR4,Óleo e Gás,2022-03-31,2022,1,2022-Q1,0.0,-58410000.0,58410000.0,0.0,0.0,3969000.0,49534000.0,33904000.0,22376640.0,0.0,inf,,,,11.75,11.3,0.45,5.2299,inf,Selic_Mod_8a13pct,Espiral_Inflac_2021-22,False
PETROBRAS,Petróleo Brasileiro S.A. — Petrobras,PETR4,Óleo e Gás,2022-06-30,2022,2,2022-Q2,0.0,-58410000.0,58410000.0,0.0,0.0,4691000.0,116643000.0,86085000.0,56816100.0,0.0,inf,,,,13.25,11.89,1.36,4.9266,inf,Selic_Alta_>=13pct,Espiral_Inflac_2021-22,False
PETROBRAS,Petróleo Brasileiro S.A. — Petrobras,PETR4,Óleo e Gás,2022-09-30,2022,3,2022-Q3,0.0,-58410000.0,58410000.0,0.0,0.0,4157000.0,199362000.0,152542000.0,100677720.0,0.0,inf,,,,13.75,7.17,6.58,5.2462,inf,Selic_Alta_>=13pct,Espiral_Inflac_2021-22,False
PETROBRAS,Petróleo Brasileiro S.A. — Petrobras,PETR4,Óleo e Gás,2023-03-31,2023,1,2023-Q1,0.0,-41723000.0,41723000.0,0.0,0.0,4387000.0,82002000.0,65398000.0,43162680.0,0.0,inf,,,,13.75,4.65,9.1,5.1963,inf,Selic_Alta_>=13pct,Periodo_Normal,False
PETROBRAS,Petróleo Brasileiro S.A. — Petrobras,PETR4,Óleo e Gás,2023-06-30,2023,2,2023-Q2,0.0,-41723000.0,41723000.0,0.0,0.0,4295000.0,195432000.0,161832000.0,106809120.0,0.0,inf,,,,13.75,3.16,10.59,4.9485,inf,Selic_Alta_>=13pct,Periodo_Normal,False
PETROBRAS,Petróleo Brasileiro S.A. — Petrobras,PETR4,Óleo e Gás,2023-09-30,2023,3,2023-Q3,0.0,-41723000.0,41723000.0,0.0,0.0,5680000.0,287187000.0,236444000.0,156053040.0,0.0,inf,,,,12.75,5.19,7.56,4.8803,inf,Selic_Mod_8a13pct,Periodo_Normal,False
PETROBRAS,Petróleo Brasileiro S.A. — Petrobras,PETR4,Óleo e Gás,2024-03-31,2024,1,2024-Q1,0.0,-61613000.0,61613000.0,0.0,0.0,5310000.0,75383000.0,60197000.0,39730020.0,0.0,inf,,,,10.75,3.93,6.82,4.9515,inf,Selic_Mod_8a13pct,Periodo_Normal,False
PETROBRAS,Petróleo Brasileiro S.A. — Petrobras,PETR4,Óleo e Gás,2024-06-30,2024,2,2024-Q2,0.0,-61613000.0,61613000.0,0.0,0.0,15631000.0,133436000.0,102168000.0,67430880.0,0.0,inf,,,,10.5,4.23,6.27,5.2129,inf,Selic_Mod_8a13pct,Periodo_Normal,False
PETROBRAS,Petróleo Brasileiro S.A. — Petrobras,PETR4,Óleo e Gás,2024-09-30,2024,3,2024-Q3,0.0,-61613000.0,61613000.0,0.0,0.0,4883000.0,197937000.0,149714000.0,98811240.0,0.0,inf,,,,10.75,4.42,6.33,5.5454,inf,Selic_Mod_8a13pct,Periodo_Normal,False
VALE,Vale S.A.,VALE3,Mineração,2011-03-31,2011,1,2011-Q1,0.0,-13468958.0,13468958.0,0.0,0.0,1772079.0,5392069.0,4031764.0,2660964.24,0.0,inf,,,,11.75,6.3,5.45,1.6673,inf,Selic_Mod_8a13pct,Periodo_Normal,False
VALE,Vale S.A.,VALE3,Mineração,2011-06-30,2011,2,2011-Q2,0.0,-13468958.0,13468958.0,0.0,0.0,3534430.0,15792756.0,13076590.0,8630549.4,0.0,inf,,,,12.25,6.71,5.54,1.5962,inf,Selic_Mod_8a13pct,Periodo_Normal,False
VALE,Vale S.A.,VALE3,Mineração,2011-09-30,2011,3,2011-Q3,0.0,-13468958.0,13468958.0,0.0,0.0,5627547.0,31582460.0,27635541.0,18239457.06,0.0,inf,,,,12.0,7.31,4.69,1.6357,inf,Selic_Mod_8a13pct,Periodo_Normal,False
VALE,Vale S.A.,VALE3,Mineração,2012-03-31,2012,1,2012-Q1,0.0,-6593177.0,6593177.0,0.0,0.0,1097700.0,15311828.0,13788631.0,9100496.46,0.0,inf,,,,9.75,5.24,4.51,1.7701,inf,Selic_Mod_8a13pct,Periodo_Normal,False
VALE,Vale S.A.,VALE3,Mineração,2012-06-30,2012,2,2012-Q2,0.0,-6593177.0,6593177.0,0.0,0.0,2359800.0,29899794.0,26886505.0,17745093.3,0.0,inf,,,,8.5,4.92,3.58,1.9641,inf,Selic_Mod_8a13pct,Periodo_Normal,False
VALE,Vale S.A.,VALE3,Mineração,2012-09-30,2012,3,2012-Q3,0.0,-6593177.0,6593177.0,0.0,0.0,9207992.0,45598579.0,40997111.0,27058093.26,0.0,inf,,,,7.5,5.28,2.22,2.0288,inf,Selic_Baixa_4a8pct,Periodo_Normal,False
VALE,Vale S.A.,VALE3,Mineração,2013-03-31,2013,1,2013-Q1,0.0,-11917717.0,11917717.0,0.0,0.0,1275090.0,9126759.0,7328997.0,4837138.02,0.0,inf,,,,7.25,6.59,0.66,1.9976,inf,Selic_Baixa_4a8pct,Periodo_Normal,False
VALE,Vale S.A.,VALE3,Mineração,2013-06-30,2013,2,2013-Q2,0.0,-11917717.0,11917717.0,0.0,0.0,6833459.0,19307414.0,15469669.0,10209981.54,0.0,inf,,,,8.0,6.7,1.3,2.0673,inf,Selic_Mod_8a13pct,Periodo_Normal,False
VALE,Vale S.A.,VALE3,Mineração,2013-09-30,2013,3,2013-Q3,0.0,-11917717.0,11917717.0,0.0,0.0,8998486.0,27220243.0,21291789.0,14052580.74,0.0,inf,,,,9.0,5.86,3.14,2.288,inf,Selic_Mod_8a13pct,Periodo_Normal,False
VALE,Vale S.A.,VALE3,Mineração,2014-03-31,2014,1,2014-Q1,0.0,-12465248.0,12465248.0,0.0,0.0,1938066.0,10740619.0,8724906.0,5758437.96,0.0,inf,,,,10.75,6.15,4.6,2.3652,inf,Selic_Mod_8a13pct,Periodo_Normal,False
VALE,Vale S.A.,VALE3,Mineração,2014-06-30,2014,2,2014-Q2,0.0,-12465248.0,12465248.0,0.0,0.0,10713605.0,20466615.0,16302670.0,10759762.2,0.0,inf,,,,11.0,6.52,4.48,2.2296,inf,Selic_Mod_8a13pct,Periodo_Normal,False
VALE,Vale S.A.,VALE3,Mineração,2014-09-30,2014,3,2014-Q3,0.0,-12465248.0,12465248.0,0.0,0.0,12866065.0,33922950.0,27466880.0,18128140.8,0.0,inf,,,,11.0,6.75,4.25,2.2745,inf,Selic_Mod_8a13pct,Periodo_Normal,False
VALE,Vale S.A.,VALE3,Mineração,2015-03-31,2015,1,2015-Q1,0.0,-10555341.0,10555341.0,0.0,0.0,2802299.0,10004435.0,7592828.0,5011266.48,0.0,inf,,,,12.75,8.13,4.62,2.8702,inf,Selic_Mod_8a13pct,Recessao_2015-16,False
VALE,Vale S.A.,VALE3,Mineração,2015-06-30,2015,2,2015-Q2,0.0,-10555341.0,10555341.0,0.0,0.0,5632961.0,17450570.0,13047646.0,8611446.36,0.0,inf,,,,13.75,8.89,4.86,3.0729,inf,Selic_Alta_>=13pct,Recessao_2015-16,False
VALE,Vale S.A.,VALE3,Mineração,2015-09-30,2015,3,2015-Q3,0.0,-10555341.0,10555341.0,0.0,0.0,15999827.0,23688719.0,16737660.0,11046855.6,0.0,inf,,,,14.25,9.49,4.76,3.538,inf,Selic_Alta_>=13pct,Recessao_2015-16,False
VALE,Vale S.A.,VALE3,Mineração,2016-03-31,2016,1,2016-Q1,0.0,-14021704.0,14021704.0,0.0,0.0,20631254.0,1391916.0,1336852.0,882322.32,0.0,inf,,,,14.25,9.39,4.86,3.9022,inf,Selic_Alta_>=13pct,Recessao_2015-16,False
VALE,Vale S.A.,VALE3,Mineração,2016-06-30,2016,2,2016-Q2,0.0,-14021704.0,14021704.0,0.0,0.0,23490411.0,5570566.0,5274565.0,3481212.9,0.0,inf,,,,14.25,8.84,5.41,3.5076,inf,Selic_Alta_>=13pct,Recessao_2015-16,False
VALE,Vale S.A.,VALE3,Mineração,2016-09-30,2016,3,2016-Q3,0.0,-14021704.0,14021704.0,0.0,0.0,58374980.0,7251875.0,6955980.0,4590946.8,0.0,inf,,,,14.25,8.48,5.77,3.246,inf,Selic_Alta_>=13pct,Recessao_2015-16,False
VALE,Vale S.A.,VALE3,Mineração,2017-03-31,2017,1,2017-Q1,0.0,-13890591.0,13890591.0,0.0,0.0,6905074.0,5527521.0,4941317.0,3261269.22,0.0,inf,,,,12.25,4.57,7.68,3.1451,inf,Selic_Mod_8a13pct,Periodo_Normal,False
VALE,Vale S.A.,VALE3,Mineração,2017-06-30,2017,2,2017-Q2,0.0,-13890591.0,13890591.0,0.0,0.0,13184762.0,10248981.0,6250589.0,4125388.74,0.0,inf,,,,10.25,3.0,7.25,3.2174,inf,Selic_Mod_8a13pct,Periodo_Normal,False
VALE,Vale S.A.,VALE3,Mineração,2017-09-30,2017,3,2017-Q3,0.0,-13890591.0,13890591.0,0.0,0.0,17762645.0,17152822.0,13048227.0,8611829.82,0.0,inf,,,,8.25,2.54,5.71,3.164,inf,Selic_Mod_8a13pct,Periodo_Normal,False
VALE,Vale S.A.,VALE3,Mineração,2018-03-31,2018,1,2018-Q1,0.0,-14317520.0,14317520.0,0.0,0.0,3615391.0,12499562.0,12308424.0,8123559.84,0.0,inf,,,,6.5,2.68,3.82,3.2433,inf,Selic_Baixa_4a8pct,Periodo_Normal,False
VALE,Vale S.A.,VALE3,Mineração,2018-06-30,2018,2,2018-Q2,0.0,-14317520.0,14317520.0,0.0,0.0,10722566.0,17192931.0,17051031.0,11253680.46,0.0,inf,,,,6.5,4.39,2.11,3.6056,inf,Selic_Baixa_4a8pct,Periodo_Normal,False
VALE,Vale S.A.,VALE3,Mineração,2018-09-30,2018,3,2018-Q3,0.0,-14317520.0,14317520.0,0.0,0.0,6533908.0,27375151.0,26866230.0,17731711.8,0.0,inf,,,,6.5,4.53,1.97,3.9505,inf,Selic_Baixa_4a8pct,Periodo_Normal,False
VALE,Vale S.A.,VALE3,Mineração,2019-03-31,2019,1,2019-Q1,0.0,-22412547.0,22412547.0,0.0,0.0,2453780.0,10084814.0,9855460.0,6504603.6,0.0,inf,,,,6.5,4.58,1.92,3.7684,inf,Selic_Baixa_4a8pct,Periodo_Normal,False
VALE,Vale S.A.,VALE3,Mineração,2019-06-30,2019,2,2019-Q2,0.0,-22412547.0,22412547.0,0.0,0.0,13670525.0,24806719.0,18861562.0,12448630.92,0.0,inf,,,,6.5,3.37,3.13,3.9221,inf,Selic_Baixa_4a8pct,Periodo_Normal,False
VALE,Vale S.A.,VALE3,Mineração,2019-09-30,2019,3,2019-Q3,0.0,-22412547.0,22412547.0,0.0,0.0,19073376.0,32965465.0,31878591.0,21039870.06,0.0,inf,,,,5.5,2.89,2.61,3.9684,inf,Selic_Baixa_4a8pct,Periodo_Normal,False
VALE,Vale S.A.,VALE3,Mineração,2020-03-31,2020,1,2020-Q1,0.0,-29627092.0,29627092.0,0.0,0.0,2953175.0,-6087494.0,-6400791.0,-4224522.06,,-inf,,,,3.75,3.3,0.45,4.4657,-inf,Selic_Minima_<4pct,Pandemia_2020,False
VALE,Vale S.A.,VALE3,Mineração,2020-06-30,2020,2,2020-Q2,0.0,-29627092.0,29627092.0,0.0,0.0,6267478.0,20000512.0,-2125488.0,-1402822.08,0.0,-inf,,,,2.25,2.13,0.12,5.3854,-inf,Selic_Minima_<4pct,Pandemia_2020,False
VALE,Vale S.A.,VALE3,Mineração,2020-09-30,2020,3,2020-Q3,0.0,-29627092.0,29627092.0,0.0,0.0,11348176.0,34884127.0,12758127.0,8420363.82,0.0,inf,,,,2.0,3.14,-1.14,5.3772,inf,Selic_Minima_<4pct,Pandemia_2020,False
VALE,Vale S.A.,VALE3,Mineração,2021-03-31,2021,1,2021-Q1,0.0,-70085566.0,70085566.0,0.0,0.0,10978684.0,8788651.0,8021664.0,5294298.24,0.0,inf,,,,2.75,6.1,-3.35,5.4833,inf,Selic_Minima_<4pct,Espiral_Inflac_2021-22,False
VALE,Vale S.A.,VALE3,Mineração,2021-06-30,2021,2,2021-Q2,0.0,-70085566.0,70085566.0,0.0,0.0,14282236.0,16451012.0,16343012.0,10786387.92,0.0,inf,,,,4.25,8.35,-4.1,5.2907,inf,Selic_Baixa_4a8pct,Espiral_Inflac_2021-22,False
VALE,Vale S.A.,VALE3,Mineração,2021-09-30,2021,3,2021-Q3,0.0,-70085566.0,70085566.0,3634570.0,3634570.0,22032532.0,43161364.0,43053364.0,28415220.24,0.0,781.8,555.86,,,6.25,10.25,-4.0,5.2286,775.55,Selic_Baixa_4a8pct,Espiral_Inflac_2021-22,False
VALE,Vale S.A.,VALE3,Mineração,2022-03-31,2022,1,2022-Q1,0.0,-65409000.0,65409000.0,3634000.0,3634000.0,497000.0,41955000.0,41943000.0,27682380.0,0.0,761.76,634.18,,,11.75,11.3,0.45,5.2299,750.01,Selic_Mod_8a13pct,Espiral_Inflac_2021-22,False
VALE,Vale S.A.,VALE3,Mineração,2022-06-30,2022,2,2022-Q2,0.0,-65409000.0,65409000.0,3634000.0,3634000.0,1161000.0,96154000.0,93940000.0,62000400.0,0.0,1706.12,826.44,,,13.25,11.89,1.36,4.9266,1692.87,Selic_Alta_>=13pct,Espiral_Inflac_2021-22,False
VALE,Vale S.A.,VALE3,Mineração,2022-09-30,2022,3,2022-Q3,0.0,-65409000.0,65409000.0,3634000.0,3634000.0,1126000.0,128463000.0,126919000.0,83766540.0,0.0,2305.08,640.78,,,13.75,7.17,6.58,5.2462,2291.33,Selic_Alta_>=13pct,Espiral_Inflac_2021-22,False
VALE,Vale S.A.,VALE3,Mineração,2023-03-31,2023,1,2023-Q1,0.0,-24711000.0,24711000.0,3634000.0,3634000.0,2164000.0,36638000.0,35519000.0,23442540.0,0.0,645.09,262.0,,,13.75,4.65,9.1,5.1963,631.34,Selic_Alta_>=13pct,Periodo_Normal,False
VALE,Vale S.A.,VALE3,Mineração,2023-06-30,2023,2,2023-Q2,0.0,-24711000.0,24711000.0,3634000.0,3634000.0,1191000.0,57001000.0,56364000.0,37200240.0,0.0,1023.67,125.84,,,13.75,3.16,10.59,4.9485,1009.92,Selic_Alta_>=13pct,Periodo_Normal,False
VALE,Vale S.A.,VALE3,Mineração,2023-09-30,2023,3,2023-Q3,0.0,-24711000.0,24711000.0,3634000.0,3634000.0,12615000.0,72983000.0,71606000.0,47259960.0,0.0,1300.49,381.51,,,12.75,5.19,7.56,4.8803,1287.74,Selic_Mod_8a13pct,Periodo_Normal,False
VALE,Vale S.A.,VALE3,Mineração,2024-03-31,2024,1,2024-Q1,0.0,-17474000.0,17474000.0,3634000.0,3634000.0,3402000.0,14961000.0,14671000.0,9682860.0,0.0,266.45,228.15,,,10.75,3.93,6.82,4.9515,255.7,Selic_Mod_8a13pct,Periodo_Normal,False
VALE,Vale S.A.,VALE3,Mineração,2024-06-30,2024,2,2024-Q2,0.0,-17474000.0,17474000.0,3634000.0,3634000.0,4639000.0,29557000.0,28879000.0,19060140.0,0.0,524.49,401.54,,,10.5,4.23,6.27,5.2129,513.99,Selic_Mod_8a13pct,Periodo_Normal,False
VALE,Vale S.A.,VALE3,Mineração,2024-09-30,2024,3,2024-Q3,0.0,-17474000.0,17474000.0,3634000.0,3634000.0,7043000.0,46963000.0,45378000.0,29949480.0,0.0,824.15,368.35,,,10.75,4.42,6.33,5.5454,813.4,Selic_Mod_8a13pct,Periodo_Normal,False
WEG,WEG S.A.,WEGE3,Indústria / Motores,2011-03-31,2011,1,2011-Q1,0.0,-62127.0,62127.0,0.0,0.0,52660.0,159697.0,139604.0,92138.64,0.0,inf,,,,11.75,6.3,5.45,1.6673,inf,Selic_Mod_8a13pct,Periodo_Normal,False
WEG,WEG S.A.,WEGE3,Indústria / Motores,2011-06-30,2011,2,2011-Q2,0.0,-60694.0,60694.0,0.0,0.0,111913.0,304702.0,269293.0,177733.38,0.0,inf,,,,12.25,6.71,5.54,1.5962,inf,Selic_Mod_8a13pct,Periodo_Normal,False
WEG,WEG S.A.,WEGE3,Indústria / Motores,2011-09-30,2011,3,2011-Q3,0.0,-104334.0,104334.0,0.0,0.0,163840.0,493581.0,435930.0,287713.8,0.0,inf,,,,12.0,7.31,4.69,1.6357,inf,Selic_Mod_8a13pct,Periodo_Normal,False
WEG,WEG S.A.,WEGE3,Indústria / Motores,2012-03-31,2012,1,2012-Q1,0.0,-98895.0,98895.0,0.0,0.0,53697.0,140882.0,122037.0,80544.42,0.0,inf,,,,9.75,5.24,4.51,1.7701,inf,Selic_Mod_8a13pct,Periodo_Normal,False
WEG,WEG S.A.,WEGE3,Indústria / Motores,2012-06-30,2012,2,2012-Q2,0.0,-101142.0,101142.0,0.0,0.0,122970.0,330199.0,286706.0,189225.96,0.0,inf,,,,8.5,4.92,3.58,1.9641,inf,Selic_Mod_8a13pct,Periodo_Normal,False
WEG,WEG S.A.,WEGE3,Indústria / Motores,2012-09-30,2012,3,2012-Q3,0.0,-137844.0,137844.0,0.0,0.0,285357.0,548277.0,480105.0,316869.3,0.0,inf,,,,7.5,5.28,2.22,2.0288,inf,Selic_Baixa_4a8pct,Periodo_Normal,False
WEG,WEG S.A.,WEGE3,Indústria / Motores,2013-03-31,2013,1,2013-Q1,0.0,-127858.0,127858.0,0.0,0.0,81916.0,171622.0,148678.0,98127.48,0.0,inf,,,,7.25,6.59,0.66,1.9976,inf,Selic_Baixa_4a8pct,Periodo_Normal,False
WEG,WEG S.A.,WEGE3,Indústria / Motores,2013-06-30,2013,2,2013-Q2,0.0,-104640.0,104640.0,0.0,0.0,229922.0,396066.0,350492.0,231324.72,0.0,inf,,,,8.0,6.7,1.3,2.0673,inf,Selic_Mod_8a13pct,Periodo_Normal,False
WEG,WEG S.A.,WEGE3,Indústria / Motores,2013-09-30,2013,3,2013-Q3,0.0,-216105.0,216105.0,0.0,0.0,310622.0,646981.0,572597.0,377914.02,0.0,inf,,,,9.0,5.86,3.14,2.288,inf,Selic_Mod_8a13pct,Periodo_Normal,False
WEG,WEG S.A.,WEGE3,Indústria / Motores,2014-03-31,2014,1,2014-Q1,0.0,-357468.0,357468.0,0.0,0.0,98385.0,225421.0,196762.0,129862.92,0.0,inf,,,,10.75,6.15,4.6,2.3652,inf,Selic_Mod_8a13pct,Periodo_Normal,False
WEG,WEG S.A.,WEGE3,Indústria / Motores,2014-06-30,2014,2,2014-Q2,0.0,-286469.0,286469.0,0.0,0.0,246505.0,519363.0,455698.0,300760.68,0.0,inf,,,,11.0,6.52,4.48,2.2296,inf,Selic_Mod_8a13pct,Periodo_Normal,False
WEG,WEG S.A.,WEGE3,Indústria / Motores,2014-09-30,2014,3,2014-Q3,0.0,-256312.0,256312.0,0.0,0.0,376154.0,829054.0,726875.0,479737.5,0.0,inf,,,,11.0,6.75,4.25,2.2745,inf,Selic_Mod_8a13pct,Periodo_Normal,False
WEG,WEG S.A.,WEGE3,Indústria / Motores,2015-03-31,2015,1,2015-Q1,0.0,-421591.0,421591.0,0.0,0.0,124363.0,276263.0,240838.0,158953.08,0.0,inf,,,,12.75,8.13,4.62,2.8702,inf,Selic_Mod_8a13pct,Recessao_2015-16,False
WEG,WEG S.A.,WEGE3,Indústria / Motores,2015-06-30,2015,2,2015-Q2,0.0,-374017.0,374017.0,0.0,0.0,234256.0,563581.0,492077.0,324770.82,0.0,inf,,,,13.75,8.89,4.86,3.0729,inf,Selic_Alta_>=13pct,Recessao_2015-16,False
WEG,WEG S.A.,WEGE3,Indústria / Motores,2015-09-30,2015,3,2015-Q3,0.0,-481447.0,481447.0,0.0,0.0,400855.0,894153.0,779175.0,514255.5,0.0,inf,,,,14.25,9.49,4.76,3.538,inf,Selic_Alta_>=13pct,Recessao_2015-16,False
WEG,WEG S.A.,WEGE3,Indústria / Motores,2016-03-31,2016,1,2016-Q1,2508345.0,2185188.0,323157.0,0.0,2508345.0,477949.0,274304.0,274062.0,180880.92,9.14,7.21,,,19.05,14.25,9.39,4.86,3.9022,-7.04,Selic_Alta_>=13pct,Recessao_2015-16,False
WEG,WEG S.A.,WEGE3,Indústria / Motores,2016-06-30,2016,2,2016-Q2,2066064.0,1780218.0,285846.0,0.0,2066064.0,442675.0,549125.0,548699.0,362141.34,3.76,17.53,,,21.43,14.25,8.84,5.41,3.5076,3.28,Selic_Alta_>=13pct,Recessao_2015-16,False
WEG,WEG S.A.,WEGE3,Indústria / Motores,2016-09-30,2016,3,2016-Q3,1940388.0,1731919.0,208469.0,0.0,1940388.0,993407.0,861987.0,861386.0,568514.76,2.25,29.3,,,51.2,14.25,8.48,5.77,3.246,15.05,Selic_Alta_>=13pct,Recessao_2015-16,False
WEG,WEG S.A.,WEGE3,Indústria / Motores,2017-03-31,2017,1,2017-Q1,1779747.0,1554967.0,224780.0,0.0,1779747.0,103087.0,257413.0,257074.0,169668.84,6.91,9.53,,,5.79,12.25,4.57,7.68,3.1451,-2.72,Selic_Mod_8a13pct,Periodo_Normal,False
WEG,WEG S.A.,WEGE3,Indústria / Motores,2017-06-30,2017,2,2017-Q2,2114850.0,1909268.0,205582.0,0.0,2114850.0,215510.0,498764.0,498034.0,328702.44,4.24,15.54,,,10.19,10.25,3.0,7.25,3.2174,5.29,Selic_Mod_8a13pct,Periodo_Normal,False
WEG,WEG S.A.,WEGE3,Indústria / Motores,2017-09-30,2017,3,2017-Q3,1983972.0,1783143.0,200829.0,0.0,1983972.0,385772.0,753398.0,752288.0,496510.08,2.63,25.03,,,19.44,8.25,2.54,5.71,3.164,16.78,Selic_Mod_8a13pct,Periodo_Normal,False
WEG,WEG S.A.,WEGE3,Indústria / Motores,2018-03-31,2018,1,2018-Q1,2774451.0,2433150.0,341301.0,0.0,2774451.0,154140.0,262790.0,262008.0,172925.28,10.56,6.23,,,5.56,6.5,2.68,3.82,3.2433,-0.27,Selic_Baixa_4a8pct,Periodo_Normal,False
WEG,WEG S.A.,WEGE3,Indústria / Motores,2018-06-30,2018,2,2018-Q2,3233802.0,2889825.0,343977.0,0.0,3233802.0,398603.0,563932.0,562226.0,371069.16,5.73,11.47,,,12.33,6.5,4.39,2.11,3.6056,4.97,Selic_Baixa_4a8pct,Periodo_Normal,False
WEG,WEG S.A.,WEGE3,Indústria / Motores,2018-09-30,2018,3,2018-Q3,3868261.0,3524855.0,343406.0,0.0,3868261.0,550650.0,881170.0,878572.0,579857.52,4.39,14.99,,,14.24,6.5,4.53,1.97,3.9505,8.49,Selic_Baixa_4a8pct,Periodo_Normal,False
WEG,WEG S.A.,WEGE3,Indústria / Motores,2019-03-31,2019,1,2019-Q1,2990235.0,2573378.0,416857.0,0.0,2990235.0,210456.0,307548.0,306298.0,202156.68,9.72,6.76,,,7.04,6.5,4.58,1.92,3.7684,0.26,Selic_Baixa_4a8pct,Periodo_Normal,False
WEG,WEG S.A.,WEGE3,Indústria / Motores,2019-06-30,2019,2,2019-Q2,2474630.0,2198220.0,276410.0,0.0,2474630.0,357685.0,697809.0,695008.0,458705.28,3.55,18.54,,,14.45,6.5,3.37,3.13,3.9221,12.04,Selic_Baixa_4a8pct,Periodo_Normal,False
WEG,WEG S.A.,WEGE3,Indústria / Motores,2019-09-30,2019,3,2019-Q3,2564086.0,2235114.0,328972.0,0.0,2564086.0,582628.0,1108184.0,1103855.0,728544.3,2.31,28.41,,,22.72,5.5,2.89,2.61,3.9684,22.91,Selic_Baixa_4a8pct,Periodo_Normal,False
WEG,WEG S.A.,WEGE3,Indústria / Motores,2020-03-31,2020,1,2020-Q1,2280717.0,1755331.0,525386.0,0.0,2280717.0,165505.0,369404.0,367230.0,242371.8,6.17,10.63,,,7.26,3.75,3.3,0.45,4.4657,6.88,Selic_Minima_<4pct,Pandemia_2020,False
WEG,WEG S.A.,WEGE3,Indústria / Motores,2020-06-30,2020,2,2020-Q2,1956542.0,1578187.0,378355.0,0.0,1956542.0,578703.0,809151.0,805467.0,531608.22,2.42,27.17,,,29.58,2.25,2.13,0.12,5.3854,24.92,Selic_Minima_<4pct,Pandemia_2020,False
WEG,WEG S.A.,WEGE3,Indústria / Motores,2020-09-30,2020,3,2020-Q3,1851967.0,1465437.0,386530.0,0.0,1851967.0,813853.0,1288872.0,1283556.0,847146.96,1.44,45.74,,,43.95,2.0,3.14,-1.14,5.3772,43.74,Selic_Minima_<4pct,Pandemia_2020,False
WEG,WEG S.A.,WEGE3,Indústria / Motores,2021-03-31,2021,1,2021-Q1,1696308.0,797156.0,899152.0,0.0,1696308.0,381948.0,522304.0,518937.0,342498.42,3.25,20.19,,,22.52,2.75,6.1,-3.35,5.4833,17.44,Selic_Minima_<4pct,Espiral_Inflac_2021-22,False
WEG,WEG S.A.,WEGE3,Indústria / Motores,2021-06-30,2021,2,2021-Q2,1454592.0,938929.0,515663.0,0.0,1454592.0,620406.0,1144046.0,1138402.0,751345.32,1.27,51.65,,,42.65,4.25,8.35,-4.1,5.2907,47.4,Selic_Baixa_4a8pct,Espiral_Inflac_2021-22,False
WEG,WEG S.A.,WEGE3,Indústria / Motores,2021-09-30,2021,3,2021-Q3,1587892.0,536899.0,1050993.0,0.0,1587892.0,849012.0,1963759.0,1955886.0,1290884.76,0.81,81.3,,,53.47,6.25,10.25,-4.0,5.2286,75.05,Selic_Baixa_4a8pct,Espiral_Inflac_2021-22,False
WEG,WEG S.A.,WEGE3,Indústria / Motores,2022-03-31,2022,1,2022-Q1,3025976.0,2176885.0,849091.0,0.0,3025976.0,153330.0,897606.0,893182.0,589500.12,3.37,19.48,,864.29,5.07,11.75,11.3,0.45,5.2299,7.73,Selic_Mod_8a13pct,Espiral_Inflac_2021-22,False
WEG,WEG S.A.,WEGE3,Indústria / Motores,2022-06-30,2022,2,2022-Q2,2809257.0,2241136.0,568121.0,0.0,2809257.0,438579.0,2165617.0,2159154.0,1425041.64,1.3,50.73,,1018.04,15.61,13.25,11.89,1.36,4.9266,37.48,Selic_Alta_>=13pct,Espiral_Inflac_2021-22,False
WEG,WEG S.A.,WEGE3,Indústria / Motores,2022-09-30,2022,3,2022-Q3,3789860.0,2411991.0,1377869.0,0.0,3789860.0,597163.0,3182041.0,3173195.0,2094308.7,1.19,55.26,,1291.31,15.76,13.75,7.17,6.58,5.2462,41.51,Selic_Alta_>=13pct,Espiral_Inflac_2021-22,False
WEG,WEG S.A.,WEGE3,Indústria / Motores,2023-03-31,2023,1,2023-Q1,3398222.0,1918567.0,1479655.0,0.0,3398222.0,369835.0,1103643.0,1098588.0,725068.08,3.08,21.34,,1245.9,10.88,13.75,4.65,9.1,5.1963,7.59,Selic_Alta_>=13pct,Periodo_Normal,False
WEG,WEG S.A.,WEGE3,Indústria / Motores,2023-06-30,2023,2,2023-Q2,2732355.0,1838359.0,893996.0,0.0,2732355.0,535103.0,2228411.0,2220029.0,1465219.14,1.23,53.62,,1304.78,19.58,13.75,3.16,10.59,4.9485,39.87,Selic_Alta_>=13pct,Periodo_Normal,False
WEG,WEG S.A.,WEGE3,Indústria / Motores,2023-09-30,2023,3,2023-Q3,2623753.0,1711154.0,912599.0,0.0,2623753.0,863745.0,3654151.0,3645976.0,2406344.16,0.72,91.71,,1250.7,32.92,12.75,5.19,7.56,4.8803,78.96,Selic_Mod_8a13pct,Periodo_Normal,False
WEG,WEG S.A.,WEGE3,Indústria / Motores,2024-03-31,2024,1,2024-Q1,2557769.0,982413.0,1575356.0,0.0,2557769.0,320134.0,1542699.0,1538193.0,1015207.38,1.66,39.69,,1099.14,12.52,10.75,3.93,6.82,4.9515,28.94,Selic_Mod_8a13pct,Periodo_Normal,False
WEG,WEG S.A.,WEGE3,Indústria / Motores,2024-06-30,2024,2,2024-Q2,4018255.0,2100834.0,1917421.0,0.0,4018255.0,732843.0,3226341.0,3219466.0,2124847.56,1.25,52.88,,1193.25,18.24,10.5,4.23,6.27,5.2129,42.38,Selic_Mod_8a13pct,Periodo_Normal,False
WEG,WEG S.A.,WEGE3,Indústria / Motores,2024-09-30,2024,3,2024-Q3,2808944.0,1459607.0,1349337.0,0.0,2808944.0,996852.0,4809040.0,4800635.0,3168419.1,0.58,112.8,,1306.66,35.49,10.75,4.42,6.33,5.5454,102.05,Selic_Mod_8a13pct,Periodo_Normal,False
